INSERT INTO Biblioteca (id_biblioteca, nome_biblioteca, endereco, telefone, horario_abertura, horario_fechamento, quantidade_funcionarios)
VALUES 
(1, 'Biblioteca Central', 'Rua A, 123', '1111-1111', '08:00', '18:00', 25),
(2, 'Biblioteca Norte', 'Rua B, 456', '2222-2222', '09:00', '19:00', 25),
(3, 'Biblioteca Sul', 'Rua C, 789', '3333-3333', '07:00', '17:00', 50);


INSERT INTO Local (id_local, descricao, andar, prateleira, tipo_local, capacidade, id_biblioteca)

VALUES 

(1, 'Seção de Ficção', '1', '1', 'FIC', 100, 1),
(2, 'Seção Infantil', '2', '1', 'INF', 120, 1),
(3, 'Seção de Ação', '1', '1', 'AÇA', 120, 1),
(4, 'Seção de Mangá', '2', '1', 'MAN', 120, 1),
(5, 'Seção de Romance', '2', '1', 'ROM', 100, 1),
(6, 'Seção de Terror', '1', '1', 'TER', 120, 1),
(7, 'Seção de Ficção cientifíca', '1', '1', 'FCC', 120, 1),
(8, 'Seção de História', '3', '1', 'HIS', 120, 1),
(9, 'Seção de Biografias', '3', '1', 'BIO', 100, 1),
(10, 'Seção de Ensaios', '3', '1', 'ENS', 120, 1),
(11, 'Seção de Exatas', '3', '1', 'EXA', 50, 1),
(12, 'Seção de Documentários', '3', '1', 'DOC', 30, 1),
(13, 'Seção de Linguagens', '3', '1', 'LIN', 20, 1),
(14, 'Seção de Suspense', '1', '1', 'SUS', 15, 1),
(15, 'Seção de Ficção', '1', '1', 'FIC', 100, 2),
(16, 'Seção Infantil', '2', '1', 'INF', 120, 2),
(17, 'Seção de Ação', '1', '1', 'AÇA', 120, 2),
(18, 'Seção de Mangá', '2', '1', 'MAN', 120, 2),
(19, 'Seção de Romance', '2', '1', 'ROM', 100, 2),
(20, 'Seção de Terror', '1', '1', 'TER', 120, 2),
(21, 'Seção de Ficção cientifíca', '1', '1', 'FCC', 120, 2),
(22, 'Seção de História', '3', '1', 'HIS', 120, 2),
(23, 'Seção de Biografias', '3', '1', 'BIO', 100, 2),
(24, 'Seção de Ensaios', '3', '1', 'ENS', 120, 2),
(25, 'Seção de Ciências Exatas', '1', '1', 'CIE', 80, 3),
(26, 'Seção de Humanas', '1', '2', 'HUM', 100, 3),
(27, 'Seção de Linguagens', '1', '3', 'LIN', 70, 3),
(28, 'Seção de Artes', '2', '1', 'ART', 50, 3),
(29, 'Seção de Música', '2', '2', 'MUS', 30, 3),
(30, 'Seção de Cinema', '2', '3', 'CIN', 20, 3),
(31, 'Seção de Referência', '1', '4', 'REF', 150, 3),
(32, 'Seção de Periódicos', '1', '5', 'PER', 120, 3),
(33, 'Seção Infantil', '1', '4', 'INF', 80, 3),
(34, 'Seção Juvenil', '1', '5', 'JUV', 60, 3),
(35, 'Seção de Estudo Individual', '2', '4', 'ESI', 20, 3),
(36, 'Seção de Estudo em Grupo', '2', '5', 'ESG', 30, 3),
(37, 'Seção Especial', '1', '6', 'ESP', 50, 3),
(38, 'Seção Digital', '1', '7', 'DIG', 10, 3),
(39, 'Seção de Eventos', '1', '8', 'EVE', 100, 3),
(40, 'Seção de Comédia', '1', '9', 'COM', 20, 3),
(41, 'Seção Externa', '1', '10', 'EXT', 50, 3),
(42, 'Seção Kids', '1', '6', 'KDS', 30, 3),
(43, 'Seção Teen', '1', '7', 'TEE', 20, 3),
(44, 'Seção Universitária', '2', '6', 'UNI', 50, 3),
(45, 'Seção de Filosofia', '1', '2', 'FIL', 80, 1),
(46, 'Seção de Psicologia', '1', '3', 'PSI', 70, 1),
(47, 'Seção de Matemática', '2', '1', 'MAT', 90, 1),
(48, 'Seção de Ciências', '2', '2', 'CIE', 100, 1),
(49, 'Seção de Economia', '2', '3', 'ECO', 60, 1),
(50, 'Seção de Engenharia', '3', '1', 'ENG', 50, 1),
(51, 'Seção de Medicina', '3', '2', 'MED', 40, 1),
(52, 'Seção de Direito', '3', '3', 'DIR', 55, 1),
(53, 'Seção de Arquitetura', '1', '4', 'ARQ', 45, 1),
(54, 'Seção de Antropologia', '1', '5', 'ANT', 60, 1),
(55, 'Seção de Sociologia', '2', '4', 'SOC', 75, 1),
(56, 'Seção de Biologia', '2', '5', 'BIO', 85, 1),
(57, 'Seção de Física', '3', '4', 'FIS', 95, 1),
(58, 'Seção de Química', '3', '5', 'QUI', 70, 1),
(59, 'Seção de Astronomia', '3', '6', 'AST', 50, 1),
(60, 'Seção de Informática', '1', '2', 'INF', 80, 2),
(61, 'Seção de Programação', '1', '3', 'PRO', 70, 2),
(62, 'Seção de Banco de Dados', '2', '1', 'BDD', 60, 2),
(63, 'Seção de Redes', '2', '2', 'RED', 50, 2),
(64, 'Seção de Cibersegurança', '2', '3', 'CIB', 45, 2),
(65, 'Seção de Literatura Brasileira', '3', '1', 'LBR', 100, 2),
(66, 'Seção de Literatura Estrangeira', '3', '2', 'LES', 120, 2),
(67, 'Seção de Linguística', '3', '3', 'LIN', 70, 2),
(68, 'Seção de Mitologia', '1', '4', 'MIT', 60, 2),
(69, 'Seção de História Antiga', '1', '5', 'HAN', 55, 2),
(70, 'Seção de Geografia', '2', '4', 'GEO', 65, 2),
(71, 'Seção de Cartografia', '2', '5', 'CAR', 50, 2),
(72, 'Seção de Cultura', '3', '4', 'CUL', 90, 2),
(73, 'Seção de Arte Moderna', '3', '5', 'AMO', 80, 2),
(74, 'Seção de Ciências Ambientais', '3', '6', 'CAM', 75, 2),
(75, 'Seção de Contabilidade', '1', '2', 'CON', 60, 3),
(76, 'Seção de Administração', '1', '3', 'ADM', 80, 3),
(77, 'Seção de Marketing', '2', '1', 'MKT', 70, 3),
(78, 'Seção de Estatística', '2', '2', 'EST', 75, 3),
(79, 'Seção de Ciências Políticas', '2', '3', 'CPO', 65, 3),
(80, 'Seção de Estudos Literários', '3', '1', 'ELT', 90, 3),
(81, 'Seção de Estudos Históricos', '3', '2', 'EHI', 100, 3),
(82, 'Seção de Psicopedagogia', '3', '3', 'PSP', 55, 3),
(83, 'Seção de Enfermagem', '1', '4', 'ENF', 50, 3),
(84, 'Seção de Teatro', '1', '5', 'TEA', 45, 3),
(85, 'Seção de Fotografia', '2', '4', 'FOT', 40, 3),
(86, 'Seção de Design Gráfico', '2', '5', 'DGR', 85, 3),
(87, 'Seção de Antiguidades', '3', '4', 'ANT', 75, 3),
(88, 'Seção de Filosofia Contemporânea', '3', '5', 'FCO', 70, 3),
(89, 'Seção de Filosofia Medieval', '3', '6', 'FME', 65, 3),
(90, 'Seção de Dança', '1', '6', 'DAN', 55, 3),
(91, 'Seção de Música Clássica', '1', '7', 'MCL', 50, 3),
(92, 'Seção de Música Popular', '2', '6', 'MPB', 80, 3),
(93, 'Seção de Poesia Brasileira', '2', '7', 'POB', 70, 3),
(94, 'Seção de Poesia Estrangeira', '3', '7', 'POE', 65, 3),
(95, 'Seção de Contos', '3', '8', 'CON', 60, 3),
(96, 'Seção de Crônicas', '3', '9', 'CRO', 50, 3),
(97, 'Seção de Ensaios Filosóficos', '1', '8', 'ESF', 75, 3),
(98, 'Seção de Biografias Históricas', '2', '8', 'BIO', 65, 3),
(99, 'Seção de Religião', '3', '10', 'REL', 55, 3),
(100, 'Seção de Espiritualidade', '3', '11', 'ESP', 50, 3),
(101, 'Seção de Ciências da Natureza', '3', '12', 'NAT', 85, 3),
(102, 'Seção de Estudos Asiáticos', '1', '9', 'ASI', 75, 3),
(103, 'Seção de Estudos Africanos', '1', '10', 'AFR', 70, 3),
(104, 'Seção de Estudos Americanos', '1', '11', 'AME', 65, 3);


INSERT INTO funcionario (id_funcionario, nome, cargo, data_contratacao, salario, email, telefone, id_biblioteca) VALUES 
 ('1', 'Funcionario_1', 'Bibliotecário', DATE '2023-01-01', 3000.00, 'funcionario1@empresa.com', '+550000000001', 1), 
 ('2', 'Funcionario_2', 'Assistente', DATE '2023-01-21', 2500.00, 'funcionario2@empresa.com', '+550000000002', 1), 
 ('3', 'Funcionario_3', 'Gerente', DATE '2023-02-10', 4000.00, 'funcionario3@empresa.com', '+550000000003', 1), 
 ('4', 'Funcionario_4', 'Técnico', DATE '2023-03-05', 3200.00, 'funcionario4@empresa.com', '+550000000004', 1), 
 ('5', 'Funcionario_5', 'Estagiário', DATE '2023-04-15', 1800.00, 'funcionario5@empresa.com', '+550000000005', 1),
 ('6', 'Funcionario_6', 'Auxiliar', DATE '2023-05-10', 2200.00, 'funcionario6@empresa.com', '+550000000006', 1),
 ('7', 'Funcionario_7', 'Bibliotecário', DATE '2023-06-01', 3100.00, 'funcionario7@empresa.com', '+550000000007', 1),
 ('8', 'Funcionario_8', 'Assistente', DATE '2023-07-15', 2500.00, 'funcionario8@empresa.com', '+550000000008', 1),
 ('9', 'Funcionario_9', 'Estagiário', DATE '2023-08-01', 1900.00, 'funcionario9@empresa.com', '+550000000009', 1),
 ('10', 'Funcionario_10', 'Técnico', DATE '2023-09-15', 3300.00, 'funcionario10@empresa.com', '+550000000010', 1),
 ('11', 'Funcionario_11', 'Gerente', DATE '2023-10-10', 4200.00, 'funcionario11@empresa.com', '+550000000011', 1),
 ('12', 'Funcionario_12', 'Bibliotecário', DATE '2023-11-01', 3000.00, 'funcionario12@empresa.com', '+550000000012', 1),
 ('13', 'Funcionario_13', 'Assistente', DATE '2023-12-15', 2500.00, 'funcionario13@empresa.com', '+550000000013', 1),
 ('14', 'Funcionario_14', 'Estagiário', DATE '2024-01-15', 1850.00, 'funcionario14@empresa.com', '+550000000014', 1),
 ('15', 'Funcionario_15', 'Técnico', DATE '2024-02-10', 3250.00, 'funcionario15@empresa.com', '+550000000015', 1),
 ('16', 'Funcionario_16', 'Auxiliar', DATE '2024-03-05', 2300.00, 'funcionario16@empresa.com', '+550000000016', 1),
 ('17', 'Funcionario_17', 'Bibliotecário', DATE '2024-04-01', 3000.00, 'funcionario17@empresa.com', '+550000000017', 1),
 ('18', 'Funcionario_18', 'Assistente', DATE '2024-05-15', 2500.00, 'funcionario18@empresa.com', '+550000000018', 1),
 ('19', 'Funcionario_19', 'Gerente', DATE '2024-06-10', 4500.00, 'funcionario19@empresa.com', '+550000000019', 1),
 ('20', 'Funcionario_20', 'Técnico', DATE '2024-07-05', 3350.00, 'funcionario20@empresa.com', '+550000000020', 1),
 ('21', 'Funcionario_21', 'Estagiário', DATE '2024-08-01', 1950.00, 'funcionario21@empresa.com', '+550000000021', 1),
 ('22', 'Funcionario_22', 'Auxiliar', DATE '2024-09-15', 2400.00, 'funcionario22@empresa.com', '+550000000022', 1),
 ('23', 'Funcionario_23', 'Bibliotecário', DATE '2024-10-01', 3000.00, 'funcionario23@empresa.com', '+550000000023', 1),
 ('24', 'Funcionario_24', 'Assistente', DATE '2024-10-15', 2500.00, 'funcionario24@empresa.com', '+550000000024', 1),
 ('25', 'Funcionario_25', 'Gerente', DATE '2024-11-10', 4700.00, 'funcionario25@empresa.com', '+550000000025', 1),
 ('26', 'Funcionario_26', 'Estagiário', DATE '2025-01-15', 2000.00, 'funcionario26@empresa.com', '+550000000026', 2),
 ('27', 'Funcionario_27', 'Técnico', DATE '2025-02-10', 3400.00, 'funcionario27@empresa.com', '+550000000027', 2),
 ('28', 'Funcionario_28', 'Auxiliar', DATE '2025-03-05', 2350.00, 'funcionario28@empresa.com', '+550000000028', 2),
 ('29', 'Funcionario_29', 'Bibliotecário', DATE '2025-04-01', 3150.00, 'funcionario29@empresa.com', '+550000000029', 2),
 ('30', 'Funcionario_30', 'Assistente', DATE '2025-05-15', 2600.00, 'funcionario30@empresa.com', '+550000000030', 2),
 ('31', 'Funcionario_31', 'Gerente', DATE '2025-06-10', 4600.00, 'funcionario31@empresa.com', '+550000000031', 2),
 ('32', 'Funcionario_32', 'Estagiário', DATE '2025-07-01', 2100.00, 'funcionario32@empresa.com', '+550000000032', 2),
 ('33', 'Funcionario_33', 'Técnico', DATE '2025-08-15', 3500.00, 'funcionario33@empresa.com', '+550000000033', 2),
 ('34', 'Funcionario_34', 'Auxiliar', DATE '2025-09-10', 2400.00, 'funcionario34@empresa.com', '+550000000034', 2),
 ('35', 'Funcionario_35', 'Bibliotecário', DATE '2025-10-01', 3200.00, 'funcionario35@empresa.com', '+550000000035', 2),
 ('36', 'Funcionario_36', 'Assistente', DATE '2025-11-15', 2700.00, 'funcionario36@empresa.com', '+550000000036', 2),
 ('37', 'Funcionario_37', 'Gerente', DATE '2026-01-10', 4700.00, 'funcionario37@empresa.com', '+550000000037', 2),
 ('38', 'Funcionario_38', 'Estagiário', DATE '2026-02-15', 2200.00, 'funcionario38@empresa.com', '+550000000038', 2),
 ('39', 'Funcionario_39', 'Técnico', DATE '2026-03-10', 3600.00, 'funcionario39@empresa.com', '+550000000039', 2),
 ('40', 'Funcionario_40', 'Auxiliar', DATE '2026-04-01', 2500.00, 'funcionario40@empresa.com', '+550000000040', 2),
 ('41', 'Funcionario_41', 'Bibliotecário', DATE '2026-05-15', 3300.00, 'funcionario41@empresa.com', '+550000000041', 2),
 ('42', 'Funcionario_42', 'Assistente', DATE '2026-06-10', 2800.00, 'funcionario42@empresa.com', '+550000000042', 2),
 ('43', 'Funcionario_43', 'Estagiário', DATE '2026-07-01', 2300.00, 'funcionario43@empresa.com', '+550000000043', 2),
 ('44', 'Funcionario_44', 'Técnico', DATE '2026-08-15', 3700.00, 'funcionario44@empresa.com', '+550000000044', 2),
 ('45', 'Funcionario_45', 'Auxiliar', DATE '2026-09-10', 2600.00, 'funcionario45@empresa.com', '+550000000045', 2),
 ('46', 'Funcionario_46', 'Bibliotecário', DATE '2026-10-01', 3400.00, 'funcionario46@empresa.com', '+550000000046', 2),
 ('47', 'Funcionario_47', 'Assistente', DATE '2026-11-15', 2900.00, 'funcionario47@empresa.com', '+550000000047', 2),
 ('48', 'Funcionario_48', 'Gerente', DATE '2027-01-10', 4800.00, 'funcionario48@empresa.com', '+550000000048', 2),
 ('49', 'Funcionario_49', 'Estagiário', DATE '2027-02-15', 2400.00, 'funcionario49@empresa.com', '+550000000049', 2),
 ('50', 'Funcionario_50', 'Gerente', DATE '2027-03-10', 4900.00, 'funcionario50@empresa.com', '+550000000050', 2),
 ('51', 'Funcionario_51', 'Estagiário', DATE '2027-04-15', 2500.00, 'funcionario51@empresa.com', '+550000000051', 3),
 ('52', 'Funcionario_52', 'Técnico', DATE '2027-05-10', 3800.00, 'funcionario52@empresa.com', '+550000000052', 3),
 ('53', 'Funcionario_53', 'Auxiliar', DATE '2027-06-01', 2700.00, 'funcionario53@empresa.com', '+550000000053', 3),
 ('54', 'Funcionario_54', 'Bibliotecário', DATE '2027-07-15', 3500.00, 'funcionario54@empresa.com', '+550000000054', 3),
 ('55', 'Funcionario_55', 'Assistente', DATE '2027-08-10', 3000.00, 'funcionario55@empresa.com', '+550000000055', 3),
 ('56', 'Funcionario_56', 'Gerente', DATE '2027-09-01', 5000.00, 'funcionario56@empresa.com', '+550000000056', 3),
 ('57', 'Funcionario_57', 'Estagiário', DATE '2027-10-15', 2600.00, 'funcionario57@empresa.com', '+550000000057', 3),
 ('58', 'Funcionario_58', 'Técnico', DATE '2027-11-10', 3900.00, 'funcionario58@empresa.com', '+550000000058', 3),
 ('59', 'Funcionario_59', 'Auxiliar', DATE '2027-12-01', 2800.00, 'funcionario59@empresa.com', '+550000000059', 3),
 ('60', 'Funcionario_60', 'Gerente', DATE '2028-01-10', 5100.00, 'funcionario60@empresa.com', '+550000000060', 3),
 ('61', 'Funcionario_61', 'Estagiário', DATE '2028-02-15', 2700.00, 'funcionario61@empresa.com', '+550000000061', 3),
 ('62', 'Funcionario_62', 'Técnico', DATE '2028-03-10', 4000.00, 'funcionario62@empresa.com', '+550000000062', 3),
 ('63', 'Funcionario_63', 'Auxiliar', DATE '2028-04-01', 2900.00, 'funcionario63@empresa.com', '+550000000063', 3),
 ('64', 'Funcionario_64', 'Bibliotecário', DATE '2028-05-15', 3600.00, 'funcionario64@empresa.com', '+550000000064', 3),
 ('65', 'Funcionario_65', 'Assistente', DATE '2028-06-10', 3100.00, 'funcionario65@empresa.com', '+550000000065', 3),
 ('66', 'Funcionario_66', 'Gerente', DATE '2028-07-01', 5200.00, 'funcionario66@empresa.com', '+550000000066', 3),
 ('67', 'Funcionario_67', 'Estagiário', DATE '2028-08-15', 2800.00, 'funcionario67@empresa.com', '+550000000067', 3),
 ('68', 'Funcionario_68', 'Técnico', DATE '2028-09-10', 4100.00, 'funcionario68@empresa.com', '+550000000068', 3),
 ('69', 'Funcionario_69', 'Auxiliar', DATE '2028-10-01', 3000.00, 'funcionario69@empresa.com', '+550000000069', 3),
 ('70', 'Funcionario_70', 'Bibliotecário', DATE '2028-11-15', 3700.00, 'funcionario70@empresa.com', '+550000000070', 3),
 ('71', 'Funcionario_71', 'Gerente', DATE '2028-12-10', 5300.00, 'funcionario71@empresa.com', '+550000000071', 3),
 ('72', 'Funcionario_72', 'Estagiário', DATE '2029-01-15', 2900.00, 'funcionario72@empresa.com', '+550000000072', 3),
 ('73', 'Funcionario_73', 'Técnico', DATE '2029-02-10', 4200.00, 'funcionario73@empresa.com', '+550000000073', 3),
 ('74', 'Funcionario_74', 'Auxiliar', DATE '2029-03-01', 3100.00, 'funcionario74@empresa.com', '+550000000074', 3),
 ('75', 'Funcionario_75', 'Bibliotecário', DATE '2029-04-15', 3800.00, 'funcionario75@empresa.com', '+550000000075', 3),
 ('76', 'Funcionario_76', 'Assistente', DATE '2029-05-10', 3200.00, 'funcionario76@empresa.com', '+550000000076', 3),
 ('77', 'Funcionario_77', 'Gerente', DATE '2029-06-01', 5400.00, 'funcionario77@empresa.com', '+550000000077', 3),
 ('78', 'Funcionario_78', 'Estagiário', DATE '2029-07-15', 3000.00, 'funcionario78@empresa.com', '+550000000078', 3),
 ('79', 'Funcionario_79', 'Técnico', DATE '2029-08-10', 4300.00, 'funcionario79@empresa.com', '+550000000079', 3),
 ('80', 'Funcionario_80', 'Auxiliar', DATE '2029-09-01', 3200.00, 'funcionario80@empresa.com', '+550000000080', 3),
 ('81', 'Funcionario_81', 'Bibliotecário', DATE '2029-10-15', 3900.00, 'funcionario81@empresa.com', '+550000000081', 3),
 ('82', 'Funcionario_82', 'Assistente', DATE '2029-11-10', 3300.00, 'funcionario82@empresa.com', '+550000000082', 3),
 ('83', 'Funcionario_83', 'Gerente', DATE '2029-12-01', 5500.00, 'funcionario83@empresa.com', '+550000000083', 3),
 ('84', 'Funcionario_84', 'Estagiário', DATE '2030-01-15', 3100.00, 'funcionario84@empresa.com', '+550000000084', 3),
 ('85', 'Funcionario_85', 'Técnico', DATE '2030-02-10', 4400.00, 'funcionario85@empresa.com', '+550000000085', 3),
 ('86', 'Funcionario_86', 'Gerente', DATE '2030-03-10', 5600.00, 'funcionario86@empresa.com', '+550000000086', 3),
 ('87', 'Funcionario_87', 'Estagiário', DATE '2030-04-15', 3200.00, 'funcionario87@empresa.com', '+550000000087', 3),
 ('88', 'Funcionario_88', 'Técnico', DATE '2030-05-10', 4500.00, 'funcionario88@empresa.com', '+550000000088', 3),
 ('89', 'Funcionario_89', 'Auxiliar', DATE '2030-06-01', 3300.00, 'funcionario89@empresa.com', '+550000000089', 3),
 ('90', 'Funcionario_90', 'Bibliotecário', DATE '2030-07-15', 4000.00, 'funcionario90@empresa.com', '+550000000090', 3),
 ('91', 'Funcionario_91', 'Assistente', DATE '2030-08-10', 3400.00, 'funcionario91@empresa.com', '+550000000091', 3),
 ('92', 'Funcionario_92', 'Gerente', DATE '2030-09-01', 5700.00, 'funcionario92@empresa.com', '+550000000092', 3),
 ('93', 'Funcionario_93', 'Estagiário', DATE '2030-10-15', 3300.00, 'funcionario93@empresa.com', '+550000000093', 3),
 ('94', 'Funcionario_94', 'Técnico', DATE '2030-11-10', 4600.00, 'funcionario94@empresa.com', '+550000000094', 3),
 ('95', 'Funcionario_95', 'Auxiliar', DATE '2030-12-01', 3400.00, 'funcionario95@empresa.com', '+550000000095', 3),
 ('96', 'Funcionario_96', 'Bibliotecário', DATE '2031-01-15', 4100.00, 'funcionario96@empresa.com', '+550000000096', 3),
 ('97', 'Funcionario_97', 'Assistente', DATE '2031-02-10', 3500.00, 'funcionario97@empresa.com', '+550000000097', 3),
 ('98', 'Funcionario_98', 'Gerente', DATE '2031-03-01', 5800.00, 'funcionario98@empresa.com', '+550000000098', 3),
 ('99', 'Funcionario_99', 'Estagiário', DATE '2031-04-15', 3400.00, 'funcionario99@empresa.com', '+550000000099', 3),
 ('100', 'Funcionario_100', 'Técnico', DATE '2031-05-10', 4700.00, 'funcionario100@empresa.com', '+550000000100', 3);


 INSERT INTO usuario (id_usuario, nome, email, telefone, data_registro, endereco, data_nascimento) VALUES
 (1, 'Usuario_1', 'usuario1@exemplo.com', '+550000000001', DATE '2023-01-01', 'Rua 1, Bairro A', DATE '1990-01-01'),
 (2, 'Usuario_2', 'usuario2@exemplo.com', '+550000000002', DATE '2023-01-02', 'Rua 2, Bairro B', DATE '1991-02-02'),
 (3, 'Usuario_3', 'usuario3@exemplo.com', '+550000000003', DATE '2023-01-03', 'Rua 3, Bairro C', DATE '1992-03-03'),
 (4, 'Usuario_4', 'usuario4@exemplo.com', '+550000000004', DATE '2023-01-04', 'Rua 4, Bairro D', DATE '1993-04-04'),
 (5, 'Usuario_5', 'usuario5@exemplo.com', '+550000000005', DATE '2023-01-05', 'Rua 5, Bairro E', DATE '1994-05-05'),
 (6, 'Usuario_6', 'usuario6@exemplo.com', '+550000000006', DATE '2023-01-06', 'Rua 6, Bairro F', DATE '1995-06-06'),
 (7, 'Usuario_7', 'usuario7@exemplo.com', '+550000000007', DATE '2023-01-07', 'Rua 7, Bairro G', DATE '1996-07-07'),
 (8, 'Usuario_8', 'usuario8@exemplo.com', '+550000000008', DATE '2023-01-08', 'Rua 8, Bairro H', DATE '1997-08-08'),
 (9, 'Usuario_9', 'usuario9@exemplo.com', '+550000000009', DATE '2023-01-09', 'Rua 9, Bairro I', DATE '1998-09-09'),
 (10, 'Usuario_10', 'usuario10@exemplo.com', '+550000000010', DATE '2023-01-10', 'Rua 10, Bairro J', DATE '1999-10-10'),
 (11, 'Usuario_11', 'usuario11@exemplo.com', '+550000000011', DATE '2023-01-11', 'Rua 11, Bairro K', DATE '1990-11-11'),
 (12, 'Usuario_12', 'usuario12@exemplo.com', '+550000000012', DATE '2023-01-12', 'Rua 12, Bairro L', DATE '1991-12-12'),
 (13, 'Usuario_13', 'usuario13@exemplo.com', '+550000000013', DATE '2023-01-13', 'Rua 13, Bairro M', DATE '1992-01-13'),
 (14, 'Usuario_14', 'usuario14@exemplo.com', '+550000000014', DATE '2023-01-14', 'Rua 14, Bairro N', DATE '1993-02-14'),
 (15, 'Usuario_15', 'usuario15@exemplo.com', '+550000000015', DATE '2023-01-15', 'Rua 15, Bairro O', DATE '1994-03-15'),
 (16, 'Usuario_16', 'usuario16@exemplo.com', '+550000000016', DATE '2023-01-16', 'Rua 16, Bairro P', DATE '1995-04-16'),
 (17, 'Usuario_17', 'usuario17@exemplo.com', '+550000000017', DATE '2023-01-17', 'Rua 17, Bairro Q', DATE '1996-05-17'),
 (18, 'Usuario_18', 'usuario18@exemplo.com', '+550000000018', DATE '2023-01-18', 'Rua 18, Bairro R', DATE '1997-06-18'),
 (19, 'Usuario_19', 'usuario19@exemplo.com', '+550000000019', DATE '2023-01-19', 'Rua 19, Bairro S', DATE '1998-07-19'),
 (20, 'Usuario_20', 'usuario20@exemplo.com', '+550000000020', DATE '2023-01-20', 'Rua 20, Bairro T', DATE '1999-08-20'),
 (21, 'Usuario_21', 'usuario21@exemplo.com', '+550000000021', DATE '2023-01-21', 'Rua 21, Bairro U', DATE '1990-09-21'),
 (22, 'Usuario_22', 'usuario22@exemplo.com', '+550000000022', DATE '2023-01-22', 'Rua 22, Bairro V', DATE '1991-10-22'),
 (23, 'Usuario_23', 'usuario23@exemplo.com', '+550000000023', DATE '2023-01-23', 'Rua 23, Bairro W', DATE '1992-11-23'),
 (24, 'Usuario_24', 'usuario24@exemplo.com', '+550000000024', DATE '2023-01-24', 'Rua 24, Bairro X', DATE '1993-12-24'),
 (25, 'Usuario_25', 'usuario25@exemplo.com', '+550000000025', DATE '2023-01-25', 'Rua 25, Bairro Y', DATE '1994-01-25'),
 (26, 'Usuario_26', 'usuario26@exemplo.com', '+550000000026', DATE '2023-01-26', 'Rua 26, Bairro Z', DATE '1995-02-26'),
 (27, 'Usuario_27', 'usuario27@exemplo.com', '+550000000027', DATE '2023-01-27', 'Rua 27, Bairro A', DATE '1996-03-27'),
 (28, 'Usuario_28', 'usuario28@exemplo.com', '+550000000028', DATE '2023-01-28', 'Rua 28, Bairro B', DATE '1997-04-28'),
 (29, 'Usuario_29', 'usuario29@exemplo.com', '+550000000029', DATE '2023-01-29', 'Rua 29, Bairro C', DATE '1998-05-29'),
 (30, 'Usuario_30', 'usuario30@exemplo.com', '+550000000030', DATE '2023-01-30', 'Rua 30, Bairro D', DATE '1999-06-30'),
 (31, 'Usuario_31', 'usuario31@exemplo.com', '+550000000031', DATE '2023-02-19', 'Rua 31, Bairro Y', DATE '1990-01-20'),
 (32, 'Usuario_32', 'usuario32@exemplo.com', '+550000000032', DATE '2023-02-20', 'Rua 32, Bairro Z', DATE '1991-02-20'),
 (33, 'Usuario_33', 'usuario33@exemplo.com', '+550000000033', DATE '2023-02-21', 'Rua 33, Bairro A', DATE '1992-03-21'),
 (34, 'Usuario_34', 'usuario34@exemplo.com', '+550000000034', DATE '2023-02-22', 'Rua 34, Bairro B', DATE '1993-04-22'),
 (35, 'Usuario_35', 'usuario35@exemplo.com', '+550000000035', DATE '2023-02-23', 'Rua 35, Bairro C', DATE '1994-05-23'),
 (36, 'Usuario_36', 'usuario36@exemplo.com', '+550000000036', DATE '2023-02-24', 'Rua 36, Bairro D', DATE '1995-06-24'),
 (37, 'Usuario_37', 'usuario37@exemplo.com', '+550000000037', DATE '2023-02-25', 'Rua 37, Bairro E', DATE '1996-07-25'),
 (38, 'Usuario_38', 'usuario38@exemplo.com', '+550000000038', DATE '2023-02-26', 'Rua 38, Bairro F', DATE '1997-08-26'),
 (39, 'Usuario_39', 'usuario39@exemplo.com', '+550000000039', DATE '2023-02-27', 'Rua 39, Bairro G', DATE '1998-09-27'),
 (40, 'Usuario_40', 'usuario40@exemplo.com', '+550000000040', DATE '2023-02-28', 'Rua 40, Bairro H', DATE '1999-10-28'),
 (41, 'Usuario_41', 'usuario41@exemplo.com', '+550000000041', DATE '2023-03-01', 'Rua 41, Bairro I', DATE '1990-11-01'),
 (42, 'Usuario_42', 'usuario42@exemplo.com', '+550000000042', DATE '2023-03-02', 'Rua 42, Bairro J', DATE '1991-12-02'),
 (43, 'Usuario_43', 'usuario43@exemplo.com', '+550000000043', DATE '2023-03-03', 'Rua 43, Bairro K', DATE '1992-01-03'),
 (44, 'Usuario_44', 'usuario44@exemplo.com', '+550000000044', DATE '2023-03-04', 'Rua 44, Bairro L', DATE '1993-02-04'),
 (45, 'Usuario_45', 'usuario45@exemplo.com', '+550000000045', DATE '2023-03-05', 'Rua 45, Bairro M', DATE '1994-03-05'),
 (46, 'Usuario_46', 'usuario46@exemplo.com', '+550000000046', DATE '2023-03-06', 'Rua 46, Bairro N', DATE '1995-04-06'),
 (47, 'Usuario_47', 'usuario47@exemplo.com', '+550000000047', DATE '2023-03-07', 'Rua 47, Bairro O', DATE '1996-05-07'),
 (48, 'Usuario_48', 'usuario48@exemplo.com', '+550000000048', DATE '2023-03-08', 'Rua 48, Bairro P', DATE '1997-06-08'),
 (49, 'Usuario_49', 'usuario49@exemplo.com', '+550000000049', DATE '2023-03-09', 'Rua 49, Bairro Q', DATE '1998-07-09'),
 (50, 'Usuario_50', 'usuario50@exemplo.com', '+550000000050', DATE '2023-03-10', 'Rua 50, Bairro R', DATE '1999-08-10'),
 (51, 'Usuario_51', 'usuario51@exemplo.com', '+550000000051', DATE '2023-03-11', 'Rua 51, Bairro S', DATE '1990-09-11'),
 (52, 'Usuario_52', 'usuario52@exemplo.com', '+550000000052', DATE '2023-03-12', 'Rua 52, Bairro T', DATE '1991-10-12'),
 (53, 'Usuario_53', 'usuario53@exemplo.com', '+550000000053', DATE '2023-03-13', 'Rua 53, Bairro U', DATE '1992-11-13'),
 (54, 'Usuario_54', 'usuario54@exemplo.com', '+550000000054', DATE '2023-03-14', 'Rua 54, Bairro V', DATE '1993-12-14'),
 (55, 'Usuario_55', 'usuario55@exemplo.com', '+550000000055', DATE '2023-03-15', 'Rua 55, Bairro W', DATE '1994-01-15'),
 (56, 'Usuario_56', 'usuario56@exemplo.com', '+550000000056', DATE '2023-03-16', 'Rua 56, Bairro X', DATE '1995-02-16'),
 (57, 'Usuario_57', 'usuario57@exemplo.com', '+550000000057', DATE '2023-03-17', 'Rua 57, Bairro Y', DATE '1996-03-17'),
 (58, 'Usuario_58', 'usuario58@exemplo.com', '+550000000058', DATE '2023-03-18', 'Rua 58, Bairro Z', DATE '1997-04-18'),
 (59, 'Usuario_59', 'usuario59@exemplo.com', '+550000000059', DATE '2023-03-19', 'Rua 59, Bairro A', DATE '1998-05-19'),
 (60, 'Usuario_60', 'usuario60@exemplo.com', '+550000000060', DATE '2023-03-20', 'Rua 60, Bairro B', DATE '1999-06-20'),
 (61, 'Usuario_61', 'usuario61@exemplo.com', '+550000000061', DATE '2023-03-21', 'Rua 61, Bairro C', DATE '1990-07-21'),
 (62, 'Usuario_62', 'usuario62@exemplo.com', '+550000000062', DATE '2023-03-22', 'Rua 62, Bairro D', DATE '1991-08-22'),
 (63, 'Usuario_63', 'usuario63@exemplo.com', '+550000000063', DATE '2023-03-23', 'Rua 63, Bairro E', DATE '1992-09-23'),
 (64, 'Usuario_64', 'usuario64@exemplo.com', '+550000000064', DATE '2023-03-24', 'Rua 64, Bairro F', DATE '1993-10-24'),
 (65, 'Usuario_65', 'usuario65@exemplo.com', '+550000000065', DATE '2023-03-25', 'Rua 65, Bairro G', DATE '1994-11-25'),
 (66, 'Usuario_66', 'usuario66@exemplo.com', '+550000000066', DATE '2023-03-26', 'Rua 66, Bairro H', DATE '1995-12-26'),
 (67, 'Usuario_67', 'usuario67@exemplo.com', '+550000000067', DATE '2023-03-27', 'Rua 67, Bairro I', DATE '1996-01-27'),
 (68, 'Usuario_68', 'usuario68@exemplo.com', '+550000000068', DATE '2023-03-28', 'Rua 68, Bairro J', DATE '1997-02-28'),
 (69, 'Usuario_69', 'usuario69@exemplo.com', '+550000000069', DATE '2023-03-29', 'Rua 69, Bairro K', DATE '1998-03-29'),
 (70, 'Usuario_70', 'usuario70@exemplo.com', '+550000000070', DATE '2023-03-30', 'Rua 70, Bairro L', DATE '1999-04-30'),
 (71, 'Usuario_71', 'usuario71@exemplo.com', '+550000000071', DATE '2023-03-31', 'Rua 71, Bairro M', DATE '1990-05-31'),
 (72, 'Usuario_72', 'usuario72@exemplo.com', '+550000000072', DATE '2023-04-01', 'Rua 72, Bairro N', DATE '1991-06-01'),
 (73, 'Usuario_73', 'usuario73@exemplo.com', '+550000000073', DATE '2023-04-02', 'Rua 73, Bairro O', DATE '1992-07-02'),
 (74, 'Usuario_74', 'usuario74@exemplo.com', '+550000000074', DATE '2023-04-03', 'Rua 74, Bairro P', DATE '1993-08-03'),
 (75, 'Usuario_75', 'usuario75@exemplo.com', '+550000000075', DATE '2023-04-04', 'Rua 75, Bairro Q', DATE '1994-09-04'),
 (76, 'Usuario_76', 'usuario76@exemplo.com', '+550000000076', DATE '2023-04-05', 'Rua 76, Bairro R', DATE '1995-10-05'),
 (77, 'Usuario_77', 'usuario77@exemplo.com', '+550000000077', DATE '2023-04-06', 'Rua 77, Bairro S', DATE '1996-11-06'),
 (78, 'Usuario_78', 'usuario78@exemplo.com', '+550000000078', DATE '2023-04-07', 'Rua 78, Bairro T', DATE '1997-12-07'),
 (79, 'Usuario_79', 'usuario79@exemplo.com', '+550000000079', DATE '2023-04-08', 'Rua 79, Bairro U', DATE '1998-01-08'),
 (80, 'Usuario_80', 'usuario80@exemplo.com', '+550000000080', DATE '2023-04-09', 'Rua 80, Bairro V', DATE '1999-02-09'),
 (81, 'Usuario_81', 'usuario81@exemplo.com', '+550000000081', DATE '2023-04-10', 'Rua 81, Bairro W', DATE '1990-03-10'),
 (82, 'Usuario_82', 'usuario82@exemplo.com', '+550000000082', DATE '2023-04-11', 'Rua 82, Bairro X', DATE '1991-04-11'),
 (83, 'Usuario_83', 'usuario83@exemplo.com', '+550000000083', DATE '2023-04-12', 'Rua 83, Bairro Y', DATE '1992-05-12'),
 (84, 'Usuario_84', 'usuario84@exemplo.com', '+550000000084', DATE '2023-04-13', 'Rua 84, Bairro Z', DATE '1993-06-13'),
 (85, 'Usuario_85', 'usuario85@exemplo.com', '+550000000085', DATE '2023-04-14', 'Rua 85, Bairro A', DATE '1994-07-14'),
 (86, 'Usuario_86', 'usuario86@exemplo.com', '+550000000086', DATE '2023-04-15', 'Rua 86, Bairro B', DATE '1995-08-15'),
 (87, 'Usuario_87', 'usuario87@exemplo.com', '+550000000087', DATE '2023-04-16', 'Rua 87, Bairro C', DATE '1996-09-16'),
 (88, 'Usuario_88', 'usuario88@exemplo.com', '+550000000088', DATE '2023-04-17', 'Rua 88, Bairro D', DATE '1997-10-17'),
 (89, 'Usuario_89', 'usuario89@exemplo.com', '+550000000089', DATE '2023-04-18', 'Rua 89, Bairro E', DATE '1998-11-18'),
 (90, 'Usuario_90', 'usuario90@exemplo.com', '+550000000090', DATE '2023-04-19', 'Rua 90, Bairro F', DATE '1999-12-19'),
 (91, 'Usuario_91', 'usuario91@exemplo.com', '+550000000091', DATE '2023-04-20', 'Rua 91, Bairro G', DATE '1990-01-20'),
 (92, 'Usuario_92', 'usuario92@exemplo.com', '+550000000092', DATE '2023-04-21', 'Rua 92, Bairro H', DATE '1991-02-21'),
 (93, 'Usuario_93', 'usuario93@exemplo.com', '+550000000093', DATE '2023-04-22', 'Rua 93, Bairro I', DATE '1992-03-22'),
 (94, 'Usuario_94', 'usuario94@exemplo.com', '+550000000094', DATE '2023-04-23', 'Rua 94, Bairro J', DATE '1993-04-23'),
 (95, 'Usuario_95', 'usuario95@exemplo.com', '+550000000095', DATE '2023-04-24', 'Rua 95, Bairro K', DATE '1994-05-24'),
 (96, 'Usuario_96', 'usuario96@exemplo.com', '+550000000096', DATE '2023-04-25', 'Rua 96, Bairro L', DATE '1995-06-25'),
 (97, 'Usuario_97', 'usuario97@exemplo.com', '+550000000097', DATE '2023-04-26', 'Rua 97, Bairro M', DATE '1996-07-26'),
 (98, 'Usuario_98', 'usuario98@exemplo.com', '+550000000098', DATE '2020-04-27', 'Rua 98, Bairro N', DATE '1997-08-27'),
 (99, 'Usuario_99', 'usuario99@exemplo.com', '+550000000099', DATE '2023-04-28', 'Rua 99, Bairro O', DATE '1998-09-28'),
 (100, 'Usuario_100', 'usuario100@exemplo.com', '+550000000100', DATE '2023-04-29', 'Rua 100, Bairro P', DATE '1999-10-29'),
 (101, 'Usuario_101', 'usuario101@exemplo.com', '+550000000101', DATE '2024-01-05', 'Rua 101, Bairro D', DATE '2002-06-16'),
 (102, 'Usuario_102', 'usuario102@exemplo.com', '+550000000102', DATE '2024-01-06', 'Rua 102, Bairro E', DATE '2002-07-17'),
 (103, 'Usuario_103', 'usuario103@exemplo.com', '+550000000103', DATE '2024-01-07', 'Rua 103, Bairro F', DATE '2003-08-18'),
 (104, 'Usuario_104', 'usuario104@exemplo.com', '+550000000104', DATE '2024-01-08', 'Rua 104, Bairro G', DATE '2004-09-19'),
 (105, 'Usuario_105', 'usuario105@exemplo.com', '+550000000105', DATE '2024-01-09', 'Rua 105, Bairro H', DATE '2005-10-20'),
 (106, 'Usuario_106', 'usuario106@exemplo.com', '+550000000106', DATE '2024-01-10', 'Rua 106, Bairro I', DATE '2006-11-21'),
 (107, 'Usuario_107', 'usuario107@exemplo.com', '+550000000107', DATE '2024-01-11', 'Rua 107, Bairro J', DATE '2007-12-22'),
 (108, 'Usuario_108', 'usuario108@exemplo.com', '+550000000108', DATE '2024-01-12', 'Rua 108, Bairro K', DATE '2008-01-23'),
 (109, 'Usuario_109', 'usuario109@exemplo.com', '+550000000109', DATE '2024-01-13', 'Rua 109, Bairro L', DATE '2009-02-24'),
 (110, 'Usuario_110', 'usuario110@exemplo.com', '+550000000110', DATE '2024-01-14', 'Rua 110, Bairro M', DATE '2010-03-25'),
 (111, 'Usuario_111', 'usuario111@exemplo.com', '+550000000111', DATE '2024-01-15', 'Rua 111, Bairro N', DATE '2001-04-26'),
 (112, 'Usuario_112', 'usuario112@exemplo.com', '+550000000112', DATE '2024-01-16', 'Rua 112, Bairro O', DATE '2002-05-27'),
 (113, 'Usuario_113', 'usuario113@exemplo.com', '+550000000113', DATE '2024-01-17', 'Rua 113, Bairro P', DATE '2003-06-28'),
 (114, 'Usuario_114', 'usuario114@exemplo.com', '+550000000114', DATE '2024-01-18', 'Rua 114, Bairro Q', DATE '2004-07-29'),
 (115, 'Usuario_115', 'usuario115@exemplo.com', '+550000000115', DATE '2024-01-19', 'Rua 115, Bairro R', DATE '2005-08-30'),
 (116, 'Usuario_116', 'usuario116@exemplo.com', '+550000000116', DATE '2024-01-20', 'Rua 116, Bairro S', DATE '2006-09-01'),
 (117, 'Usuario_117', 'usuario117@exemplo.com', '+550000000117', DATE '2024-01-21', 'Rua 117, Bairro T', DATE '2007-10-02'),
 (118, 'Usuario_118', 'usuario118@exemplo.com', '+550000000118', DATE '2024-01-22', 'Rua 118, Bairro U', DATE '2008-11-03'),
 (119, 'Usuario_119', 'usuario119@exemplo.com', '+550000000119', DATE '2024-01-23', 'Rua 119, Bairro V', DATE '2009-12-04'),
 (120, 'Usuario_120', 'usuario120@exemplo.com', '+550000000120', DATE '2024-01-24', 'Rua 120, Bairro W', DATE '2000-01-05'),
 (121, 'Usuario_121', 'usuario121@exemplo.com', '+550000000121', DATE '2024-01-25', 'Rua 121, Bairro X', DATE '2001-02-06'),
 (122, 'Usuario_122', 'usuario122@exemplo.com', '+550000000122', DATE '2024-01-26', 'Rua 122, Bairro Y', DATE '2002-03-07'),
 (123, 'Usuario_123', 'usuario123@exemplo.com', '+550000000123', DATE '2024-01-27', 'Rua 123, Bairro Z', DATE '2003-04-08'),
 (124, 'Usuario_124', 'usuario124@exemplo.com', '+550000000124', DATE '2024-01-28', 'Rua 124, Bairro A', DATE '1990-05-09'),
 (125, 'Usuario_125', 'usuario125@exemplo.com', '+550000000125', DATE '2024-01-29', 'Rua 125, Bairro B', DATE '1991-06-10'),
 (126, 'Usuario_126', 'usuario126@exemplo.com', '+550000000126', DATE '2024-01-30', 'Rua 126, Bairro C', DATE '1992-07-11'),
 (127, 'Usuario_127', 'usuario127@exemplo.com', '+550000000127', DATE '2024-01-31', 'Rua 127, Bairro D', DATE '1993-08-12'),
 (128, 'Usuario_128', 'usuario128@exemplo.com', '+550000000128', DATE '2024-02-01', 'Rua 128, Bairro E', DATE '1994-09-13'),
 (129, 'Usuario_129', 'usuario129@exemplo.com', '+550000000129', DATE '2024-02-02', 'Rua 129, Bairro F', DATE '1995-10-14'),
 (130, 'Usuario_130', 'usuario130@exemplo.com', '+550000000130', DATE '2024-02-03', 'Rua 130, Bairro G', DATE '1996-11-15'),
 (131, 'Usuario_131', 'usuario131@exemplo.com', '+550000000131', DATE '2024-02-04', 'Rua 131, Bairro H', DATE '1997-12-16'),
 (132, 'Usuario_132', 'usuario132@exemplo.com', '+550000000132', DATE '2024-02-05', 'Rua 132, Bairro I', DATE '1998-01-17'),
 (133, 'Usuario_133', 'usuario133@exemplo.com', '+550000000133', DATE '2024-02-06', 'Rua 133, Bairro J', DATE '1999-02-18'),
 (134, 'Usuario_134', 'usuario134@exemplo.com', '+550000000134', DATE '2024-02-07', 'Rua 134, Bairro K', DATE '2000-03-19'),
 (135, 'Usuario_135', 'usuario135@exemplo.com', '+550000000135', DATE '2024-02-08', 'Rua 135, Bairro L', DATE '2001-04-20'),
 (136, 'Usuario_136', 'usuario136@exemplo.com', '+550000000136', DATE '2024-02-09', 'Rua 136, Bairro M', DATE '2002-05-21'),
 (137, 'Usuario_137', 'usuario137@exemplo.com', '+550000000137', DATE '2024-02-10', 'Rua 137, Bairro N', DATE '2003-06-22'),
 (138, 'Usuario_138', 'usuario138@exemplo.com', '+550000000138', DATE '2024-02-11', 'Rua 138, Bairro O', DATE '2004-07-23'),
 (139, 'Usuario_139', 'usuario139@exemplo.com', '+550000000139', DATE '2024-02-12', 'Rua 139, Bairro P', DATE '2005-08-24'),
 (140, 'Usuario_140', 'usuario140@exemplo.com', '+550000000140', DATE '2024-02-13', 'Rua 140, Bairro Q', DATE '2006-09-25'),
 (141, 'Usuario_141', 'usuario141@exemplo.com', '+550000000141', DATE '2024-02-14', 'Rua 141, Bairro R', DATE '2007-10-26'),
 (142, 'Usuario_142', 'usuario142@exemplo.com', '+550000000142', DATE '2024-02-15', 'Rua 142, Bairro S', DATE '2008-11-27'),
 (143, 'Usuario_143', 'usuario143@exemplo.com', '+550000000143', DATE '2024-02-16', 'Rua 143, Bairro T', DATE '2009-12-28'),
 (144, 'Usuario_144', 'usuario144@exemplo.com', '+550000000144', DATE '2024-02-17', 'Rua 144, Bairro U', DATE '2000-01-29'),
 (145, 'Usuario_145', 'usuario145@exemplo.com', '+550000000145', DATE '2024-02-18', 'Rua 145, Bairro V', DATE '2001-02-01'),
 (146, 'Usuario_146', 'usuario146@exemplo.com', '+550000000146', DATE '2024-02-19', 'Rua 146, Bairro W', DATE '2002-03-01'),
 (147, 'Usuario_147', 'usuario147@exemplo.com', '+550000000147', DATE '2024-02-20', 'Rua 147, Bairro X', DATE '2003-04-02'),
 (148, 'Usuario_148', 'usuario148@exemplo.com', '+550000000148', DATE '2024-02-21', 'Rua 148, Bairro Y', DATE '2004-05-03'),
 (149, 'Usuario_149', 'usuario149@exemplo.com', '+550000000149', DATE '2024-02-22', 'Rua 149, Bairro Z', DATE '2005-06-04'),
 (150, 'Usuario_150', 'usuario150@exemplo.com', '+550000000150', DATE '2024-02-23', 'Rua 150, Bairro A', DATE '2006-07-05');


INSERT INTO genero (id_genero, nome_genero, tipo_genero, data_criacao) VALUES
(1, 'Ficção', 'FIC', DATE '2023-01-01'),
(2, 'Infantil', 'INF', DATE '2023-01-02'),
(3, 'Ação', 'AÇA', DATE '2023-01-03'),
(4, 'Mangá', 'MAN', DATE '2023-01-04'),
(5, 'Romance', 'ROM', DATE '2023-01-05'),
(6, 'Terror', 'TER', DATE '2023-01-06'),
(7, 'Ficção Científica', 'FCC', DATE '2023-01-07'),
(8, 'História', 'HIS', DATE '2023-01-08'),
(9, 'Biografias', 'BIO', DATE '2023-01-09'),
(10, 'Ensaios', 'ENS', DATE '2023-01-10'),
(11, 'Exatas', 'EXA', DATE '2023-01-11'),
(12, 'Documentários', 'DOC', DATE '2023-01-12'),
(13, 'Linguagens', 'LIN', DATE '2023-01-13'),
(14, 'Suspense', 'SUS', DATE '2023-01-14'),
(15, 'Ciências Exatas', 'CIE', DATE '2023-01-15'),
(16, 'Humanas', 'HUM', DATE '2023-01-16'),
(17, 'Artes', 'ART', DATE '2023-01-17'),
(18, 'Música', 'MUS', DATE '2023-01-18'),
(19, 'Cinema', 'CIN', DATE '2023-01-19'),
(20, 'Referência', 'REF', DATE '2023-01-20'),
(21, 'Periódicos', 'PER', DATE '2023-01-21'),
(22, 'Juvenil', 'JUV', DATE '2023-01-22'),
(23, 'Estudo Individual', 'ESI', DATE '2023-01-23'),
(24, 'Estudo em Grupo', 'ESG', DATE '2023-01-24'),
(25, 'Especial', 'ESP', DATE '2023-01-25'),
(26, 'Digital', 'DIG', DATE '2023-01-26'),
(27, 'Eventos', 'EVE', DATE '2023-01-27'),
(28, 'Comédia', 'COM', DATE '2023-01-28'),
(29, 'Externa', 'EXT', DATE '2023-01-29'),
(30, 'Kids', 'KDS', DATE '2023-01-30'),
(31, 'Teen', 'TEE', DATE '2023-01-31'),
(32, 'Universitária', 'UNI', DATE '2023-02-01');


INSERT INTO autor (id_autor, nome_autor, biografia, nacionalidade, data_nascimento) VALUES
(1, 'Gabriel Garcia Marquez', 'Escritor colombiano conhecido por Cem Anos de Solidão.', 'Colombiana', DATE '1927-03-06'),
(2, 'Jane Austen', 'Autora inglesa famosa por Orgulho e Preconceito.', 'Britânica', DATE '1775-12-16'),
(3, 'J.K. Rowling', 'Criadora da série Harry Potter.', 'Britânica', DATE '1965-07-31'),
(4, 'George Orwell', 'Autor de 1984 e A Revolução dos Bichos.', 'Britânica', DATE '1903-06-25'),
(5, 'Agatha Christie', 'Rainha do crime, autora de mais de 80 romances.', 'Britânica', DATE '1890-09-15'),
(6, 'Machado de Assis', 'Um dos maiores escritores da literatura brasileira.', 'Brasileira', DATE '1839-06-21'),
(7, 'Clarice Lispector', 'Escritora modernista brasileira.', 'Brasileira', DATE '1920-12-10'),
(8, 'Stephen King', 'Mestre do terror e suspense.', 'Americana', DATE '1947-09-21'),
(9, 'Ernest Hemingway', 'Prêmio Nobel e autor de O Velho e o Mar.', 'Americana', DATE '1899-07-21'),
(10, 'Franz Kafka', 'Autor de A Metamorfose.', 'Tcheca', DATE '1883-07-03'),
(11, 'Haruki Murakami', 'Escritor japonês contemporâneo.', 'Japonesa', DATE '1949-01-12'),
(12, 'Isabel Allende', 'Autora chilena de A Casa dos Espíritos.', 'Chilena', DATE '1942-08-02'),
(13, 'Paulo Coelho', 'Autor de O Alquimista.', 'Brasileira', DATE '1947-08-24'),
(14, 'Tolkien', 'Criador de O Senhor dos Anéis.', 'Britânica', DATE '1892-01-03'),
(15, 'Cecília Meireles', 'Poetisa e escritora brasileira.', 'Brasileira', DATE '1901-11-07'),
(16, 'Edgar Allan Poe', 'Pioneiro do conto policial e de terror.', 'Americana', DATE '1809-01-19'),
(17, 'Victor Hugo', 'Autor de Os Miseráveis.', 'Francesa', DATE '1802-02-26'),
(18, 'Liev Tolstói', 'Autor de Guerra e Paz.', 'Russa', DATE '1828-09-09'),
(19, 'Fiódor Dostoiévski', 'Escritor russo de Crime e Castigo.', 'Russa', DATE '1821-11-11'),
(20, 'Virginia Woolf', 'Figura central do modernismo.', 'Britânica', DATE '1882-01-25'),
(21, 'Oscar Wilde', 'Autor de O Retrato de Dorian Gray.', 'Irlandesa', DATE '1854-10-16'),
(22, 'Margaret Atwood', 'Autora de O Conto da Aia.', 'Canadense', DATE '1939-11-18'),
(23, 'Suzanne Collins', 'Autora da série Jogos Vorazes.', 'Americana', DATE '1962-08-10'),
(24, 'Hermann Hesse', 'Autor de Sidarta e O Lobo da Estepe.', 'Alemã', DATE '1877-07-02'),
(25, 'Gabriela Mistral', 'Poetisa chilena e prêmio Nobel.', 'Chilena', DATE '1889-04-07'),
(26, 'José Saramago', 'Autor português de Ensaio sobre a Cegueira.', 'Portuguesa', DATE '1922-11-16'),
(27, 'Leo Lionni', 'Famoso autor e ilustrador infantil.', 'Italiana', DATE '1910-05-05'),
(28, 'Eça de Queirós', 'Um dos maiores romancistas portugueses.', 'Portuguesa', DATE '1845-11-25'),
(29, 'Carlos Drummond de Andrade', 'Poeta brasileiro do modernismo.', 'Brasileira', DATE '1902-10-31'),
(30, 'Mario Vargas Llosa', 'Autor peruano e prêmio Nobel.', 'Peruana', DATE '1936-03-28'),
(31, 'Antoine de Saint-Exupéry', 'Autor de O Pequeno Príncipe.', 'Francesa', DATE '1900-06-29'),
(32, 'James Joyce', 'Autor de Ulisses.', 'Irlandesa', DATE '1882-02-02'),
(33, 'Emily Brontë', 'Autora de O Morro dos Ventos Uivantes.', 'Britânica', DATE '1818-07-30'),
(34, 'Mark Twain', 'Autor de As Aventuras de Tom Sawyer.', 'Americana', DATE '1835-11-30'),
(35, 'Jorge Luis Borges', 'Escritor argentino, mestre dos contos.', 'Argentina', DATE '1899-08-24'),
(36, 'Arthur Conan Doyle', 'Criador de Sherlock Holmes.', 'Britânica', DATE '1859-05-22'),
(37, 'Zadie Smith', 'Autora contemporânea britânica.', 'Britânica', DATE '1975-10-25'),
(38, 'Maya Angelou', 'Poetisa e ativista americana.', 'Americana', DATE '1928-04-04'),
(39, 'Chimamanda Ngozi Adichie', 'Escritora contemporânea nigeriana.', 'Nigeriana', DATE '1977-09-15'),
(40, 'Toni Morrison', 'Prêmio Nobel e autora de Amada.', 'Americana', DATE '1931-02-18'),
(41, 'Elena Ferrante', 'Autora da tetralogia Napolitana.', 'Italiana', DATE '1943-04-05'),
(42, 'Margaret Mitchell', 'Autora de E o Vento Levou.', 'Americana', DATE '1900-11-08'),
(43, 'Harper Lee', 'Autora de O Sol é para Todos.', 'Americana', DATE '1926-04-28'),
(44, 'Alice Walker', 'Autora de A Cor Púrpura.', 'Americana', DATE '1944-02-09'),
(45, 'John Steinbeck', 'Autor de As Vinhas da Ira.', 'Americana', DATE '1902-02-27'),
(46, 'Sylvia Plath', 'Poetisa e romancista americana.', 'Americana', DATE '1932-10-27'),
(47, 'Claribel Alegría', 'Poetisa nicaraguense.', 'Nicaraguense', DATE '1924-05-12'),
(48, 'Gabriel Zaid', 'Escritor e poeta mexicano.', 'Mexicana', DATE '1934-01-24'),
(49, 'Octavio Paz', 'Poeta mexicano e prêmio Nobel.', 'Mexicana', DATE '1914-03-31'),
(50, 'Rubem Fonseca', 'Escritor brasileiro de literatura policial.', 'Brasileira', DATE '1925-05-11'),
(51, 'Anne Rice', 'Autora da série Crônicas Vampirescas.', 'Americana', DATE '1941-10-04'),
(52, 'Kazuo Ishiguro', 'Autor britânico vencedor do Nobel de Literatura.', 'Britânica', DATE '1954-11-08'),
(53, 'Philip K. Dick', 'Pioneiro da ficção científica.', 'Americana', DATE '1928-12-16'),
(54, 'Jo Nesbø', 'Autor norueguês de romances policiais.', 'Norueguesa', DATE '1960-03-29'),
(55, 'Harlan Coben', 'Especialista em thrillers psicológicos.', 'Americana', DATE '1962-01-04'),
(56, 'Lygia Fagundes Telles', 'Escritora brasileira e membro da ABL.', 'Brasileira', DATE '1923-04-19'),
(57, 'Neil Gaiman', 'Criador de Sandman e outros sucessos.', 'Britânica', DATE '1960-11-10'),
(58, 'Margaret Drabble', 'Romancista contemporânea britânica.', 'Britânica', DATE '1939-06-05'),
(59, 'Orhan Pamuk', 'Prêmio Nobel e autor turco renomado.', 'Turca', DATE '1952-06-07'),
(60, 'José de Alencar', 'Pioneiro do romance brasileiro.', 'Brasileira', DATE '1829-05-01'),
(61, 'Ian McEwan', 'Romancista britânico de Atonement.', 'Britânica', DATE '1948-06-21'),
(62, 'Marcel Proust', 'Autor francês de Em Busca do Tempo Perdido.', 'Francesa', DATE '1871-07-10'),
(63, 'Fernando Pessoa', 'Poeta português e autor de heterônimos famosos.', 'Portuguesa', DATE '1888-06-13'),
(64, 'Italo Calvino', 'Romancista italiano de As Cidades Invisíveis.', 'Italiana', DATE '1923-10-15'),
(65, 'Jean-Paul Sartre', 'Filósofo e escritor francês.', 'Francesa', DATE '1905-06-21'),
(66, 'Simone de Beauvoir', 'Filósofa e autora feminista.', 'Francesa', DATE '1908-01-09'),
(67, 'Carlos Fuentes', 'Romancista mexicano de A Morte de Artemio Cruz.', 'Mexicana', DATE '1928-11-11'),
(68, 'William Faulkner', 'Autor de O Som e a Fúria.', 'Americana', DATE '1897-09-25'),
(69, 'Henrik Ibsen', 'Dramaturgo norueguês de Casa de Bonecas.', 'Norueguesa', DATE '1828-03-20'),
(70, 'Katherine Mansfield', 'Escritora de contos neozelandesa.', 'Neozelandesa', DATE '1888-10-14'),
(71, 'John Green', 'Autor de A Culpa é das Estrelas.', 'Americana', DATE '1977-08-24'),
(72, 'Veronica Roth', 'Criadora da trilogia Divergente.', 'Americana', DATE '1988-08-19'),
(73, 'Rick Riordan', 'Autor da série Percy Jackson.', 'Americana', DATE '1964-06-05'),
(74, 'Stephanie Meyer', 'Criadora da saga Crepúsculo.', 'Americana', DATE '1973-12-24'),
(75, 'George R.R. Martin', 'Criador de As Crônicas de Gelo e Fogo.', 'Americana', DATE '1948-09-20'),
(76, 'C.S. Lewis', 'Autor de As Crônicas de Nárnia.', 'Britânica', DATE '1898-11-29'),
(77, 'Arthur C. Clarke', 'Pioneiro da ficção científica.', 'Britânica', DATE '1917-12-16'),
(78, 'Michael Ende', 'Autor alemão de A História Sem Fim.', 'Alemã', DATE '1929-11-12'),
(79, 'Anne Frank', 'Autora de O Diário de Anne Frank.', 'Alemã', DATE '1929-06-12'),
(80, 'Virginia Andrews', 'Autora de Flores no Sótão.', 'Americana', DATE '1923-06-06'),
(81, 'Sarah J. Maas', 'Autora de Trono de Vidro.', 'Americana', DATE '1986-03-05'),
(82, 'Eoin Colfer', 'Criador da série Artemis Fowl.', 'Irlandesa', DATE '1965-05-14'),
(83, 'Patrick Rothfuss', 'Autor de O Nome do Vento.', 'Americana', DATE '1973-06-06'),
(84, 'Lev Tolstói', 'Autor de Anna Kariênina.', 'Russa', DATE '1828-09-09'),
(85, 'Maurice Druon', 'Autor de Os Reis Malditos.', 'Francesa', DATE '1918-04-23'),
(86, 'Guimarães Rosa', 'Escritor de Grande Sertão: Veredas.', 'Brasileira', DATE '1908-06-27'),
(87, 'João Cabral de Melo Neto', 'Poeta brasileiro.', 'Brasileira', DATE '1920-01-09'),
(88, 'Rachel de Queiroz', 'Primeira mulher na ABL.', 'Brasileira', DATE '1910-11-17'),
(89, 'Jorge Amado', 'Autor de Capitães da Areia.', 'Brasileira', DATE '1912-08-10'),
(90, 'Euclides da Cunha', 'Autor de Os Sertões.', 'Brasileira', DATE '1866-01-20'),
(91, 'Antônio Torres', 'Romancista contemporâneo brasileiro.', 'Brasileira', DATE '1940-09-13'),
(92, 'Adélia Prado', 'Poetisa e escritora brasileira.', 'Brasileira', DATE '1935-12-13'),
(93, 'Mário Quintana', 'Poeta gaúcho renomado.', 'Brasileira', DATE '1906-07-30'),
(94, 'Cyro dos Anjos', 'Autor mineiro de O Amanuense Belmiro.', 'Brasileira', DATE '1906-10-05'),
(95, 'Fernando Sabino', 'Romancista e cronista brasileiro.', 'Brasileira', DATE '1923-10-12'),
(96, 'João Ubaldo Ribeiro', 'Autor de Viva o Povo Brasileiro.', 'Brasileira', DATE '1941-01-23'),
(97, 'Marçal Aquino', 'Romancista e roteirista brasileiro.', 'Brasileira', DATE '1958-03-28'),
(98, 'Dalton Trevisan', 'Autor de O Vampiro de Curitiba.', 'Brasileira', DATE '1925-06-14'),
(99, 'Bartolomeu Campos de Queirós', 'Escritor infantojuvenil.', 'Brasileira', DATE '1944-08-06'),
(100, 'Evanildo Bechara', 'Gramático e escritor brasileiro.', 'Brasileira', DATE '1928-02-26');


INSERT INTO livro (id_livro, titulo, editora, data_publicacao, quantidade_disponivel, id_local, quantidade_total) VALUES
(1, 'Livro 1', 'Editora A', DATE '2020-01-01', 7, 1, 8),
(2, 'Livro 2', 'Editora B', DATE '2019-05-10', 8, 2, 10),
(3, 'Livro 3', 'Editora C', DATE '2018-07-20', 0, 3, 3),
(4, 'Livro 4', 'Editora D', DATE '2021-03-15', 1, 4, 3),
(5, 'Livro 5', 'Editora E', DATE '2020-08-25', 5, 5, 7),
(6, 'Livro 6', 'Editora F', DATE '2017-09-13', 7, 6, 9),
(7, 'Livro 7', 'Editora G', DATE '2022-06-01', 9, 7, 11),
(8, 'Livro 8', 'Editora H', DATE '2023-04-11', 6, 8, 8),
(9, 'Livro 9', 'Editora I', DATE '2016-02-20', 4, 9, 5),
(10, 'Livro 10', 'Editora J', DATE '2015-11-05', 5, 10, 7),
(11, 'Livro 11', 'Editora K', DATE '2020-12-12', 3, 11, 5),
(12, 'Livro 12', 'Editora L', DATE '2019-08-08', 2, 12, 4),
(13, 'Livro 13', 'Editora M', DATE '2018-01-22', 1, 13, 3),
(14, 'Livro 14', 'Editora N', DATE '2022-09-30', 2, 14, 4),
(15, 'Livro 15', 'Editora A', DATE '2021-03-19', 7, 15, 8),
(16, 'Livro 16', 'Editora B', DATE '2020-07-13', 9, 16, 11),
(17, 'Livro 17', 'Editora C', DATE '2022-05-01', 8, 17, 9),
(18, 'Livro 18', 'Editora D', DATE '2018-10-05', 10, 18, 11),
(19, 'Livro 19', 'Editora E', DATE '2020-12-15', 6, 19, 8),
(20, 'Livro 20', 'Editora F', DATE '2019-04-30', 4, 20, 6),
(21, 'Livro 21', 'Editora G', DATE '2021-01-20', 12, 21, 14),
(22, 'Livro 22', 'Editora H', DATE '2020-03-10', 5, 22, 6),
(23, 'Livro 23', 'Editora I', DATE '2017-11-22', 3, 23, 5),
(24, 'Livro 24', 'Editora J', DATE '2019-07-12', 4, 24, 6),
(25, 'Livro 25', 'Editora K', DATE '2018-10-15', 15, 25, 16),
(26, 'Livro 26', 'Editora L', DATE '2022-02-11', 12, 26, 14),
(27, 'Livro 27', 'Editora M', DATE '2021-06-23', 10, 27, 12),
(28, 'Livro 28', 'Editora N', DATE '2019-01-10', 7, 28, 9),
(29, 'Livro 29', 'Editora O', DATE '2018-05-05', 5, 29, 7),
(30, 'Livro 30', 'Editora P', DATE '2020-09-09', 4, 30, 6),
(31, 'Livro 31', 'Editora Q', DATE '2021-03-01', 10, 31, 12),
(32, 'Livro 32', 'Editora R', DATE '2022-07-15', 9, 32, 10),
(33, 'Livro 33', 'Editora S', DATE '2019-04-22', 8, 33, 10),
(34, 'Livro 34', 'Editora T', DATE '2023-01-13', 11, 34, 13),
(35, 'Livro 35', 'Editora U', DATE '2022-11-03', 6, 35, 8),
(36, 'Livro 36', 'Editora V', DATE '2021-02-25', 8, 36, 8),
(37, 'Livro 37', 'Editora W', DATE '2017-12-01', 10, 37, 10),
(38, 'Livro 38', 'Editora X', DATE '2022-06-09', 2, 38, 2),
(39, 'Livro 39', 'Editora Y', DATE '2021-10-10', 7, 39, 7),
(40, 'Livro 40', 'Editora Z', DATE '2020-08-05', 3, 40, 3),
(41, 'Livro 41', 'Editora AA', DATE '2023-03-15', 12, 41, 12),
(42, 'Livro 42', 'Editora BB', DATE '2022-05-18', 6, 42, 6),
(43, 'Livro 43', 'Editora CC', DATE '2021-07-11', 9, 43, 9),
(44, 'Livro 44', 'Editora DD', DATE '2023-02-20', 5, 44, 5),
(45, 'Livro 45', 'Editora A', DATE '2018-11-30', 7, 25, 7),
(46, 'Livro 46', 'Editora B', DATE '2022-03-21', 4, 26, 4),
(47, 'Livro 47', 'Editora C', DATE '2020-01-17', 5, 27, 5),
(48, 'Livro 48', 'Editora D', DATE '2023-04-10', 6, 28, 6),
(49, 'Livro 49', 'Editora E', DATE '2021-08-08', 8, 29, 8),
(50, 'Livro 50', 'Editora F', DATE '2020-12-12', 9, 30, 9),
(51, 'Livro 51', 'Editora AAA', DATE '2019-01-01', 10, 1, 10),
(52, 'Livro 52', 'Editora BBB', DATE '2018-02-10', 8, 2, 8),
(53, 'Livro 53', 'Editora CCC', DATE '2020-05-20', 12, 3, 12),
(54, 'Livro 54', 'Editora DDD', DATE '2021-03-05', 9, 4, 9),
(55, 'Livro 55', 'Editora EEE', DATE '2022-04-25', 6, 5, 6),
(56, 'Livro 56', 'Editora FFF', DATE '2019-07-13', 7, 6, 7),
(57, 'Livro 57', 'Editora GGG', DATE '2018-10-01', 5, 7, 5),
(58, 'Livro 58', 'Editora HHH', DATE '2020-11-11', 6, 8, 6),
(59, 'Livro 59', 'Editora III', DATE '2017-02-15', 8, 9, 8),
(60, 'Livro 60', 'Editora JJJ', DATE '2021-08-10', 4, 10, 4),
(61, 'Livro 61', 'Editora KKK', DATE '2019-09-12', 3, 11, 3),
(62, 'Livro 62', 'Editora LLL', DATE '2018-04-18', 2, 12, 2),
(63, 'Livro 63', 'Editora MMM', DATE '2020-02-25', 1, 13, 1),
(64, 'Livro 64', 'Editora NNN', DATE '2019-06-30', 2, 14, 2),
(65, 'Livro 65', 'Editora AAA', DATE '2018-03-19', 7, 15, 7),
(66, 'Livro 66', 'Editora BBB', DATE '2021-07-13', 9, 16, 9),
(67, 'Livro 67', 'Editora CCC', DATE '2019-05-01', 8, 17, 8),
(68, 'Livro 68', 'Editora DDD', DATE '2022-10-05', 10, 18, 10),
(69, 'Livro 69', 'Editora EEE', DATE '2021-12-15', 6, 19, 6),
(70, 'Livro 70', 'Editora FFF', DATE '2020-04-30', 4, 20, 4),
(71, 'Livro 71', 'Editora GGG', DATE '2018-01-20', 12, 21, 12),
(72, 'Livro 72', 'Editora HHH', DATE '2021-03-10', 5, 22, 5),
(73, 'Livro 73', 'Editora III', DATE '2022-11-22', 3, 23, 3),
(74, 'Livro 74', 'Editora JJJ', DATE '2020-07-12', 4, 24, 4),
(75, 'Livro 75', 'Editora KKK', DATE '2019-10-15', 15, 25, 15),
(76, 'Livro 76', 'Editora LLL', DATE '2020-02-11', 12, 26, 12),
(77, 'Livro 77', 'Editora MMM', DATE '2021-06-23', 10, 27, 10),
(78, 'Livro 78', 'Editora NNN', DATE '2019-01-10', 7, 28, 7),
(79, 'Livro 79', 'Editora OOO', DATE '2020-05-05', 5, 29, 5),
(80, 'Livro 80', 'Editora PPP', DATE '2022-09-09', 4, 30, 4),
(81, 'Livro 81', 'Editora QQQ', DATE '2020-03-01', 10, 31, 10),
(82, 'Livro 82', 'Editora RRR', DATE '2021-07-15', 9, 32, 9),
(83, 'Livro 83', 'Editora SSS', DATE '2022-04-22', 8, 33, 8),
(84, 'Livro 84', 'Editora TTT', DATE '2021-01-13', 11, 34, 11),
(85, 'Livro 85', 'Editora UUU', DATE '2019-11-03', 6, 35, 6),
(86, 'Livro 86', 'Editora VVV', DATE '2020-02-25', 8, 36, 8),
(87, 'Livro 87', 'Editora WWW', DATE '2021-12-01', 10, 37, 10),
(88, 'Livro 88', 'Editora XXX', DATE '2022-06-09', 2, 38, 2),
(89, 'Livro 89', 'Editora YYY', DATE '2021-10-10', 7, 39, 7),
(90, 'Livro 90', 'Editora ZZZ', DATE '2020-08-05', 3, 40, 3),
(91, 'Livro 91', 'Editora AAAA', DATE '2022-03-15', 12, 41, 12),
(92, 'Livro 92', 'Editora BBBB', DATE '2022-05-18', 6, 42, 6),
(93, 'Livro 93', 'Editora CCCC', DATE '2021-07-11', 9, 43, 9),
(94, 'Livro 94', 'Editora DDDD', DATE '2022-02-20', 5, 44, 5),
(95, 'Livro 95', 'Editora AAA', DATE '2020-11-30', 7, 25, 7),
(96, 'Livro 96', 'Editora BBB', DATE '2022-03-21', 4, 26, 4),
(97, 'Livro 97', 'Editora CCC', DATE '2021-01-17', 5, 27, 5),
(98, 'Livro 98', 'Editora DDD', DATE '2022-04-10', 6, 28, 6),
(99, 'Livro 99', 'Editora EEE', DATE '2021-08-08', 8, 29, 8),
(100, 'Livro 100', 'Editora FFF', DATE '2021-12-12', 9, 30, 9),
(101, 'Livro 101', 'Editora AAA', DATE '2020-01-01', 0, 1, 1),
(102, 'Livro 102', 'Editora BBB', DATE '2019-02-15', 0, 2, 1),
(103, 'Livro 103', 'Editora CCC', DATE '2021-04-20', 0, 3, 1),
(104, 'Livro 104', 'Editora DDD', DATE '2018-03-10', 0, 4, 1),
(105, 'Livro 105', 'Editora EEE', DATE '2019-06-15', 0, 5, 1),
(106, 'Livro 106', 'Editora FFF', DATE '2022-08-12', 0, 6, 1),
(107, 'Livro 107', 'Editora GGG', DATE '2020-09-09', 0, 7, 1),
(108, 'Livro 108', 'Editora HHH', DATE '2017-07-07', 0, 8, 1),
(109, 'Livro 109', 'Editora III', DATE '2018-12-01', 0, 9, 1),
(110, 'Livro 110', 'Editora JJJ', DATE '2021-10-20', 0, 10, 1),
(111, 'Livro 111', 'Editora KKK', DATE '2020-05-05', 0, 11, 1),
(112, 'Livro 112', 'Editora LLL', DATE '2019-08-08', 0, 12, 1),
(113, 'Livro 113', 'Editora MMM', DATE '2017-02-20', 0, 13, 1),
(114, 'Livro 114', 'Editora NNN', DATE '2021-09-30', 0, 14, 1),
(115, 'Livro 115', 'Editora OOO', DATE '2022-01-01', 0, 15, 1),
(116, 'Livro 116', 'Editora PPP', DATE '2020-04-04', 0, 16, 1),
(117, 'Livro 117', 'Editora QQQ', DATE '2021-07-12', 0, 17, 1),
(118, 'Livro 118', 'Editora RRR', DATE '2019-06-18', 0, 18, 1),
(119, 'Livro 119', 'Editora SSS', DATE '2022-02-25', 0, 19, 1),
(120, 'Livro 120', 'Editora TTT', DATE '2021-08-30', 0, 20, 1),


INSERT INTO livro_genero (id_livro, id_genero) VALUES
(1, 1), (1, 7),
(2, 2), (2, 30),
(3, 3), (3, 14),
(4, 4), (4, 17),
(5, 5), (5, 14),
(6, 6), (6, 19),
(7, 7), (7, 1),
(8, 8), (8, 16),
(9, 9), (9, 10),
(10, 10), (10, 8),
(11, 11), (11, 15),
(12, 12), (12, 23),
(13, 13), (13, 20),
(14, 14), (14, 3),
(15, 15), (15, 24),
(16, 16), (16, 8),
(17, 17), (17, 3),
(18, 18), (18, 28),
(19, 19), (19, 14),
(20, 20), (20, 21),
(21, 1), (21, 7),
(22, 2), (22, 16),
(23, 3), (23, 8),
(24, 10), (24, 14),
(25, 11), (25, 15),
(26, 12), (26, 30),
(27, 13), (27, 3),
(28, 4), (28, 17),
(29, 19), (29, 18),
(30, 19), (30, 28),
(31, 20), (31, 21),
(32, 9), (32, 2),
(33, 2), (33, 30),
(34, 14), (34, 22),
(35, 23), (35, 25),
(36, 24), (36, 26),
(37, 25), (37, 27),
(38, 26), (38, 7),
(39, 27), (39, 17),
(40, 28), (40, 20),
(41, 29), (41, 19),
(42, 30), (42, 13),
(43, 31), (43, 12),
(44, 32), (44, 14),
(45, 3), (45, 1),
(46, 5), (46, 8),
(47, 9), (47, 10),
(48, 11), (48, 13),
(49, 6), (49, 15),
(50, 4), (50, 17),
(51, 1), (51, 10),
(52, 2), (52, 30),
(53, 3), (53, 14),
(54, 4), (54, 17),
(55, 5), (55, 16),
(56, 6), (56, 21),
(57, 7), (57, 19),
(58, 8), (58, 15),
(59, 9), (59, 20),
(60, 10), (60, 8),
(61, 11), (61, 14),
(62, 12), (62, 26),
(63, 13), (63, 23),
(64, 14), (64, 9),
(65, 15), (65, 25),
(66, 16), (66, 22),
(67, 17), (67, 3),
(68, 18), (68, 7),
(69, 19), (69, 8),
(70, 20), (70, 30),
(71, 1), (71, 16),
(72, 2), (72, 30),
(73, 3), (73, 27),
(74, 4), (74, 19),
(75, 5), (75, 28),
(76, 6), (76, 11),
(77, 7), (77, 25),
(78, 8), (78, 18),
(79, 9), (79, 15),
(80, 10), (80, 24),
(81, 11), (81, 3),
(82, 12), (82, 21),
(83, 13), (83, 2),
(84, 14), (84, 16),
(85, 15), (85, 9),
(86, 16), (86, 14),
(87, 17), (87, 20),
(88, 18), (88, 28),
(89, 19), (89, 7),
(90, 20), (90, 25),
(91, 1), (91, 12),
(92, 2), (92, 19),
(93, 3), (93, 13),
(94, 4), (94, 17),
(95, 5), (95, 30),
(96, 6), (96, 24),
(97, 7), (97, 9),
(98, 8), (98, 26),
(99, 10), (99, 15),
(100, 11), (100, 22),
(101, 1), (101, 7),
(102, 2), (102, 12),
(103, 3), (103, 15),
(104, 4), (104, 14),
(105, 5), (105, 20),
(106, 6), (106, 18),
(107, 7), (107, 22),
(108, 8), (108, 9),
(109, 9), (109, 25),
(110, 10), (110, 30),
(111, 1), (111, 19),
(112, 2), (112, 21),
(113, 3), (113, 16),
(114, 4), (114, 6),
(115, 5), (115, 10),
(116, 6), (116, 3),
(117, 7), (117, 15),
(118, 8), (118, 13),
(119, 9), (119, 28),
(120, 10), (120, 2);


INSERT INTO livro_autor (id_livro, id_autor) VALUES
(1, 1), (1, 87),
(2, 2), (2, 88),
(3, 3), (3, 89),
(4, 4), (4, 90),
(5, 5), (5, 91),
(6, 6), (6, 92),
(7, 7), (7, 93),
(8, 8), (8, 94),
(9, 9), (9, 95),
(10, 10),
(11, 11), (11, 12), 
(12, 13), (12, 14), 
(13, 15), (13, 16), 
(14, 17), (14, 18), 
(15, 19), (15, 20),
(16, 21), 
(17, 22), 
(18, 23), (18, 96),
(19, 24), (19, 97),
(20, 25), (20, 98),
(21, 26), (21, 99),
(22, 27), (22, 100),
(23, 28), 
(24, 29), 
(25, 30),
(26, 31), (26, 32), 
(27, 33), (27, 34), 
(28, 35), (28, 36), 
(29, 37), (29, 38), 
(30, 39), (30, 40),
(31, 41), 
(32, 42), 
(33, 43), (33, 1),
(34, 44), (34, 5),
(35, 45), (35, 15),
(36, 46), 
(37, 47), 
(38, 48), 
(39, 49), 
(40, 50),
(41, 51), (41, 52), 
(42, 53), (42, 54), 
(43, 55), (43, 56), 
(44, 57), (44, 58), 
(45, 59), (45, 60),
(46, 61), 
(47, 62), 
(48, 63), 
(49, 64), 
(50, 65), 
(51, 66), 
(52, 67), 
(53, 68), (53, 20),
(54, 69), (54, 21),
(55, 70), (55, 22),
(56, 71), (56, 23),
(57, 72), 
(58, 73), 
(59, 74), 
(60, 75), 
(61, 76), (61, 77), 
(62, 78), (62, 79), 
(63, 80), (63, 81), 
(64, 82), (64, 83), 
(65, 84), (65, 85),
(66, 86), 
(67, 87), 
(68, 88), 
(69, 89), 
(70, 90), 
(71, 91), 
(72, 92), 
(73, 93), 
(74, 94), 
(75, 95),
(76, 96), (76, 97), 
(77, 98), (77, 99), 
(78, 100), (78, 1), 
(79, 2), (79, 3), 
(80, 4), (80, 5),
(81, 6), 
(82, 7), 
(83, 8), 
(84, 9), 
(85, 10), 
(86, 11), 
(87, 12), 
(88, 13), 
(89, 14), 
(90, 15),
(91, 16), (91, 17), 
(92, 18), (92, 19), 
(93, 20), (93, 21), 
(94, 22), (94, 23), 
(95, 24), (95, 25),
(96, 26), 
(97, 27), 
(98, 28), 
(99, 29), 
(100, 30), 
(101, 31), 
(102, 32), 
(103, 33), 
(104, 34), 
(105, 35), 
(106, 36), 
(107, 37), 
(108, 38), 
(109, 39), 
(110, 40),
(111, 41), (111, 42), 
(112, 43), (112, 44), 
(113, 45), (113, 46), 
(114, 47), (114, 48), 
(115, 49), (115, 50),
(116, 51), 
(117, 52), 
(118, 53), 
(119, 54), 
(120, 55),
(101, 56), (101, 57), 
(102, 58), (102, 59), 
(103, 60), (103, 61), 
(104, 62), (104, 63), 
(105, 64), (105, 65),
(106, 66), 
(107, 67), 
(108, 68), 
(109, 69), 
(110, 70),
(111, 71), (111, 72), 
(112, 73), (112, 74), 
(113, 75), (113, 76), 
(114, 77), (114, 78), 
(115, 79), (115, 80),
(116, 81), (117, 82), 
(118, 83), (119, 84), 
(120, 85), (120, 86)


INSERT INTO emprestimo (id_emprestimo, id_usuario, id_livro, data_emprestimo, data_devolucao, status, tipo_emprestimo, id_funcionario_responsavel) VALUES
(1, 1, 1, DATE '2024-01-01', DATE '2024-01-15', 'Devolvido', 'Finalizado', 1),
(2, 2, 1, DATE '2024-01-03', DATE '2024-01-17', 'Devolvido', 'Finalizado', 7),
(3, 3, 1, DATE '2024-01-05', NULL, 'Em andamento', 'Renovado', 12),
(4, 4, 2, DATE '2024-01-01', NULL, 'Atrasado', 'Normal', 17),
(5, 5, 2, DATE '2024-01-10', NULL, 'Em andamento', 'Normal', 23),
(6, 6, 2, DATE '2024-01-12', DATE '2024-01-27', 'Devolvido', 'Finalizado', 29),
(7, 7, 3, DATE '2024-01-15', NULL, 'Em andamento', 'Normal', 35),
(8, 8, 3, DATE '2024-01-01', NULL, 'Atrasado', 'Renovado', 41),
(9, 9, 3, DATE '2024-01-20', NULL, 'Em andamento', 'Normal', 46),
(10, 10, 4, DATE '2024-01-01', NULL, 'Atrasado', 'Normal', 54),
(11, 11, 4, DATE '2024-01-25', DATE '2024-02-05', 'Devolvido', 'Finalizado', 64),
(12, 12, 4, DATE '2024-01-28', NULL, 'Em andamento', 'Normal', 70),
(13, 13, 5, DATE '2024-01-01', NULL, 'Atrasado', 'Renovado', 75),
(14, 14, 5, DATE '2024-02-03', DATE '2024-02-15', 'Devolvido', 'Finalizado', 81),
(15, 15, 5, DATE '2024-01-01', NULL, 'Atrasado', 'Normal', 90),
(16, 16, 6, DATE '2024-02-07', NULL, 'Em andamento', 'Renovado', 1),
(17, 17, 6, DATE '2024-02-10', DATE '2024-02-20', 'Devolvido', 'Finalizado', 7),
(18, 18, 6, DATE '2024-02-12', NULL, 'Em andamento', 'Normal', 12),
(19, 19, 7, DATE '2024-01-01', NULL, 'Atrasado', 'Normal', 17),
(20, 20, 7, DATE '2024-02-18', DATE '2024-03-01', 'Devolvido', 'Finalizado', 23),
(21, 21, 7, DATE '2024-02-20', NULL, 'Em andamento', 'Normal', 29),
(22, 22, 8, DATE '2024-02-22', DATE '2024-03-05', 'Devolvido', 'Finalizado', 35),
(23, 23, 8, DATE '2024-02-25', NULL, 'Em andamento', 'Renovado', 41),
(24, 24, 8, DATE '2024-01-01', NULL, 'Atrasado', 'Normal', 46),
(25, 25, 9, DATE '2024-03-01', DATE '2024-03-12', 'Devolvido', 'Finalizado', 54),
(26, 26, 9, DATE '2024-03-03', NULL, 'Em andamento', 'Renovado', 64),
(27, 27, 9, DATE '2024-03-05', DATE '2024-03-20', 'Devolvido', 'Finalizado', 70),
(28, 28, 10, DATE '2024-03-08', NULL, 'Em andamento', 'Normal', 75),
(29, 29, 10, DATE '2024-03-10', DATE '2024-03-25', 'Devolvido', 'Finalizado', 81),
(30, 30, 10, DATE '2024-01-01', NULL, 'Atrasado', 'Normal', 90),
(31, 31, 11, DATE '2024-03-15', NULL, 'Em andamento', 'Renovado', 1),
(32, 32, 11, DATE '2024-01-01', NULL, 'Atrasado', 'Normal', 7),
(33, 33, 11, DATE '2024-03-20', DATE '2024-03-30', 'Devolvido', 'Finalizado', 12),
(34, 34, 12, DATE '2024-03-22', NULL, 'Em andamento', 'Normal', 17),
(35, 35, 12, DATE '2024-01-01', NULL, 'Atrasado', 'Renovado', 23),
(36, 36, 12, DATE '2024-03-28', DATE '2024-04-10', 'Devolvido', 'Finalizado', 29),
(37, 37, 13, DATE '2024-03-30', NULL, 'Em andamento', 'Normal', 35),
(38, 38, 13, DATE '2024-04-01', DATE '2024-04-15', 'Devolvido', 'Finalizado', 41),
(39, 39, 13, DATE '2024-04-03', NULL, 'Em andamento', 'Normal', 46),
(40, 40, 14, DATE '2024-01-01', NULL, 'Atrasado', 'Normal', 54),
(41, 41, 14, DATE '2024-04-08', DATE '2024-04-20', 'Devolvido', 'Finalizado', 64),
(42, 42, 14, DATE '2024-04-10', NULL, 'Em andamento', 'Normal', 70),
(43, 43, 15, DATE '2024-04-12', DATE '2024-04-25', 'Devolvido', 'Finalizado', 75),
(44, 44, 15, DATE '2024-01-01', NULL, 'Atrasado', 'Normal', 81),
(45, 45, 15, DATE '2024-04-17', DATE '2024-04-30', 'Devolvido', 'Finalizado', 90),
(46, 46, 16, DATE '2024-04-20', NULL, 'Em andamento', 'Normal', 1),
(47, 47, 16, DATE '2024-01-01', NULL, 'Atrasado', 'Normal', 7),
(48, 48, 16, DATE '2024-04-25', DATE '2024-05-05', 'Devolvido', 'Finalizado', 12),
(49, 49, 17, DATE '2024-04-28', NULL, 'Em andamento', 'Normal', 17),
(50, 50, 17, DATE '2024-05-01', DATE '2024-05-15', 'Devolvido', 'Finalizado', 23),
(51, 51, 17, DATE '2024-05-02', DATE '2024-05-16', 'Devolvido', 'Finalizado', 29),
(52, 52, 18, DATE '2024-05-04', DATE '2024-05-18', 'Devolvido', 'Finalizado', 35),
(53, 53, 18, DATE '2024-01-01', NULL, 'Atrasado', 'Renovado', 41),
(54, 54, 18, DATE '2024-05-08', DATE '2024-05-20', 'Devolvido', 'Finalizado', 46),
(55, 55, 19, DATE '2024-05-10', NULL, 'Em andamento', 'Normal', 54),
(56, 56, 19, DATE '2024-01-01', NULL, 'Atrasado', 'Normal', 64),
(57, 57, 19, DATE '2024-05-14', DATE '2024-05-28', 'Devolvido', 'Finalizado', 70),
(58, 58, 20, DATE '2024-05-16', NULL, 'Em andamento', 'Normal', 75),
(59, 59, 20, DATE '2024-01-01', NULL, 'Atrasado', 'Normal', 81),
(60, 60, 20, DATE '2024-05-20', DATE '2024-06-01', 'Devolvido', 'Finalizado', 90),
(61, 61, 21, DATE '2024-05-22', NULL, 'Em andamento', 'Normal', 1),
(62, 62, 21, DATE '2024-05-24', DATE '2024-06-05', 'Devolvido', 'Finalizado', 7),
(63, 63, 21, DATE '2024-01-01', NULL, 'Atrasado', 'Normal', 12),
(64, 64, 22, DATE '2024-05-28', DATE '2024-06-10', 'Devolvido', 'Finalizado', 17),
(65, 65, 22, DATE '2024-05-30', NULL, 'Em andamento', 'Normal', 23),
(66, 66, 22, DATE '2024-06-01', DATE '2024-06-12', 'Devolvido', 'Finalizado', 29),
(67, 67, 23, DATE '2024-06-03', NULL, 'Em andamento', 'Normal', 35),
(68, 68, 23, DATE '2024-01-01', NULL, 'Atrasado', 'Normal', 41),
(69, 69, 23, DATE '2024-06-07', DATE '2024-06-20', 'Devolvido', 'Finalizado', 46),
(70, 70, 24, DATE '2024-06-09', NULL, 'Em andamento', 'Normal', 54),
(71, 71, 24, DATE '2024-06-11', DATE '2024-06-25', 'Devolvido', 'Finalizado', 64),
(72, 72, 24, DATE '2024-01-01', NULL, 'Atrasado', 'Normal', 70),
(73, 73, 25, DATE '2024-06-15', DATE '2024-06-28', 'Devolvido', 'Finalizado', 75),
(74, 74, 25, DATE '2024-06-17', NULL, 'Em andamento', 'Normal', 81),
(75, 75, 25, DATE '2024-06-19', DATE '2024-07-01', 'Devolvido', 'Finalizado', 90),
(76, 76, 26, DATE '2024-01-01', NULL, 'Atrasado', 'Normal', 1),
(77, 77, 26, DATE '2024-06-23', NULL, 'Em andamento', 'Normal', 7),
(78, 78, 26, DATE '2024-06-25', DATE '2024-07-05', 'Devolvido', 'Finalizado', 12),
(79, 79, 27, DATE '2024-01-01', NULL, 'Atrasado', 'Normal', 17),
(80, 80, 27, DATE '2024-06-29', DATE '2024-07-10', 'Devolvido', 'Finalizado', 23),
(81, 81, 27, DATE '2024-07-01', NULL, 'Em andamento', 'Normal', 29),
(82, 82, 28, DATE '2024-01-01', NULL, 'Atrasado', 'Normal', 35),
(83, 83, 28, DATE '2024-07-05', DATE '2024-07-15', 'Devolvido', 'Finalizado', 41),
(84, 84, 28, DATE '2024-07-07', NULL, 'Em andamento', 'Normal', 46),
(85, 85, 29, DATE '2024-01-01', NULL, 'Atrasado', 'Normal', 54),
(86, 86, 29, DATE '2024-07-11', DATE '2024-07-20', 'Devolvido', 'Finalizado', 64),
(87, 87, 29, DATE '2024-07-13', NULL, 'Em andamento', 'Normal', 70),
(88, 88, 30, DATE '2024-01-01', NULL, 'Atrasado', 'Normal', 75),
(89, 89, 30, DATE '2024-07-17', DATE '2024-07-28', 'Devolvido', 'Finalizado', 81),
(90, 90, 30, DATE '2024-07-19', NULL, 'Em andamento', 'Normal', 90),
(91, 91, 31, DATE '2024-01-01', NULL, 'Atrasado', 'Normal', 1),
(92, 92, 31, DATE '2024-07-23', DATE '2024-08-01', 'Devolvido', 'Finalizado', 7),
(93, 93, 31, DATE '2024-07-25', NULL, 'Em andamento', 'Normal', 12),
(94, 94, 32, DATE '2024-07-27', DATE '2024-08-05', 'Devolvido', 'Finalizado', 17),
(95, 95, 32, DATE '2024-01-01', NULL, 'Atrasado', 'Normal', 23),
(96, 96, 32, DATE '2024-07-31', DATE '2024-08-10', 'Devolvido', 'Finalizado', 29),
(97, 97, 33, DATE '2024-08-02', NULL, 'Em andamento', 'Normal', 35),
(98, 98, 33, DATE '2024-01-01', NULL, 'Atrasado', 'Normal', 41),
(99, 99, 33, DATE '2024-08-06', DATE '2024-08-15', 'Devolvido', 'Finalizado', 46),
(100, 100, 34, DATE '2024-08-08', NULL, 'Em andamento', 'Normal', 54),
(101, 101, 34, DATE '2024-01-01', NULL, 'Atrasado', 'Normal', 64),
(102, 102, 34, DATE '2024-08-12', DATE '2024-08-22', 'Devolvido', 'Finalizado', 70),
(103, 103, 35, DATE '2024-08-14', NULL, 'Em andamento', 'Normal', 75),
(104, 104, 35, DATE '2024-01-01', NULL, 'Atrasado', 'Normal', 81),
(105, 105, 35, DATE '2024-08-18', DATE '2024-08-30', 'Devolvido', 'Finalizado', 90),
(106, 106, 101, DATE '2024-08-01', NULL, 'Em andamento', 'Normal', 7),
(107, 107, 102, DATE '2024-08-02', NULL, 'Em andamento', 'Normal', 17),
(108, 108, 103, DATE '2024-08-03', NULL, 'Em andamento', 'Normal', 12),
(109, 109, 104, DATE '2024-08-04', NULL, 'Em andamento', 'Normal', 23),
(110, 110, 105, DATE '2024-08-05', NULL, 'Em andamento', 'Normal', 29),
(111, 111, 106, DATE '2024-08-06', NULL, 'Em andamento', 'Normal', 35),
(112, 112, 107, DATE '2024-08-07', NULL, 'Em andamento', 'Normal', 41),
(113, 113, 108, DATE '2024-08-08', NULL, 'Em andamento', 'Normal', 46),
(114, 114, 109, DATE '2024-08-09', NULL, 'Em andamento', 'Normal', 54),
(115, 115, 110, DATE '2024-08-10', NULL, 'Em andamento', 'Normal', 64),
(116, 116, 111, DATE '2024-08-11', NULL, 'Em andamento', 'Normal', 70),
(117, 117, 112, DATE '2024-08-12', NULL, 'Em andamento', 'Normal', 75),
(118, 118, 113, DATE '2024-08-13', NULL, 'Em andamento', 'Normal', 81),
(119, 119, 114, DATE '2024-08-14', NULL, 'Em andamento', 'Normal', 90),
(120, 120, 115, DATE '2024-08-15', NULL, 'Em andamento', 'Normal', 7),
(121, 121, 116, DATE '2024-08-16', NULL, 'Em andamento', 'Normal', 17),
(122, 122, 117, DATE '2024-08-17', NULL, 'Em andamento', 'Normal', 12),
(123, 123, 118, DATE '2024-08-18', NULL, 'Em andamento', 'Normal', 23),
(124, 124, 119, DATE '2024-08-19', NULL, 'Em andamento', 'Normal', 29),
(125, 125, 120, DATE '2024-08-20', NULL, 'Em andamento', 'Normal', 35);


INSERT INTO reserva (id_usuario, id_livro, data_reserva, status_reserva, data_validade, tipo_reserva, id_funcionario_responsavel) VALUES

(126, 101, DATE '2024-09-08', 'Ativa', DATE '2024-09-18', 'Normal', 1),
(127, 102, DATE '2024-09-08', 'Ativa', DATE '2024-09-18', 'Normal', 7),
(128, 103, DATE '2024-09-08', 'Ativa', DATE '2024-09-18', 'Normal', 12),
(129, 104, DATE '2024-09-08', 'Ativa', DATE '2024-09-18', 'Normal', 17),
(130, 105, DATE '2024-09-08', 'Ativa', DATE '2024-09-18', 'Normal', 23),
(131, 106, DATE '2024-09-08', 'Ativa', DATE '2024-09-18', 'Normal', 29),
(132, 107, DATE '2024-09-08', 'Ativa', DATE '2024-09-18', 'Normal', 35),
(133, 108, DATE '2024-09-08', 'Ativa', DATE '2024-09-18', 'Normal', 41),
(134, 109, DATE '2024-09-08', 'Ativa', DATE '2024-09-18', 'Normal', 46),
(135, 110, DATE '2024-09-08', 'Ativa', DATE '2024-09-18', 'Normal', 54),
(136, 111, DATE '2024-09-08', 'Ativa', DATE '2024-09-18', 'Normal', 64),
(137, 112, DATE '2024-09-08', 'Ativa', DATE '2024-09-18', 'Normal', 70),
(138, 113, DATE '2024-09-08', 'Ativa', DATE '2024-09-18', 'Normal', 75),
(139, 114, DATE '2024-09-08', 'Ativa', DATE '2024-09-18', 'Normal', 81),
(140, 115, DATE '2024-09-08', 'Ativa', DATE '2024-09-18', 'Normal', 90),
(141, 116, DATE '2024-09-08', 'Ativa', DATE '2024-09-18', 'Normal', 96),
(142, 117, DATE '2024-09-08', 'Ativa', DATE '2024-09-18', 'Normal', 1),
(143, 118, DATE '2024-09-08', 'Ativa', DATE '2024-09-18', 'Normal', 7),
(144, 119, DATE '2024-09-08', 'Ativa', DATE '2024-09-18', 'Normal', 12),
(145, 120, DATE '2024-09-08', 'Ativa', DATE '2024-09-18', 'Normal', 17);


INSERT INTO multa (id_funcionario_responsavel, id_usuario, valor, data_multa, status_multa, descricao, data_pagamento, id_emprestimo)
VALUES
    (1, 4, 15.00, DATE '2024-01-30', 'Pendente', 'Atraso na devolução do livro.', NULL, 4),
    (7, 8, 15.00, DATE '2024-01-30', 'Pendente', 'Atraso na devolução do livro.', NULL, 8),
    (12, 10, 15.00, DATE '2024-01-30', 'Pendente', 'Atraso na devolução do livro.', NULL, 10),
    (17, 13, 15.00, DATE '2024-01-30', 'Pendente', 'Atraso na devolução do livro.', NULL, 13),
    (23, 15, 15.00, DATE '2024-01-30', 'Pendente', 'Atraso na devolução do livro.', NULL, 15),
    (29, 19, 15.00, DATE '2024-01-30', 'Pendente', 'Atraso na devolução do livro.', NULL, 19),
    (35, 24, 15.00, DATE '2024-01-30', 'Pendente', 'Atraso na devolução do livro.', NULL, 24),
    (41, 30, 15.00, DATE '2024-01-30', 'Pendente', 'Atraso na devolução do livro.', NULL, 30),
    (46, 32, 15.00, DATE '2024-01-30', 'Pendente', 'Atraso na devolução do livro.', NULL, 32),
    (54, 35, 15.00, DATE '2024-01-30', 'Pendente', 'Atraso na devolução do livro.', NULL, 35),
    (64, 40, 15.00, DATE '2024-01-30', 'Pendente', 'Atraso na devolução do livro.', NULL, 40),
    (70, 44, 15.00, DATE '2024-01-30', 'Pendente', 'Atraso na devolução do livro.', NULL, 44),
    (75, 47, 15.00, DATE '2024-01-30', 'Pendente', 'Atraso na devolução do livro.', NULL, 47),
    (81, 53, 15.00, DATE '2024-01-30', 'Pendente', 'Atraso na devolução do livro.', NULL, 53),
    (90, 56, 15.00, DATE '2024-01-30', 'Pendente', 'Atraso na devolução do livro.', NULL, 56),
    (96, 59, 15.00, DATE '2024-01-30', 'Pendente', 'Atraso na devolução do livro.', NULL, 59),
    (1, 63, 15.00, DATE '2024-01-30', 'Pendente', 'Atraso na devolução do livro.', NULL, 63),
    (7, 68, 15.00, DATE '2024-01-30', 'Pendente', 'Atraso na devolução do livro.', NULL, 68),
    (12, 72, 15.00, DATE '2024-01-30', 'Pendente', 'Atraso na devolução do livro.', NULL, 72),
    (17, 76, 15.00, DATE '2024-01-30', 'Pendente', 'Atraso na devolução do livro.', NULL, 76),
    (23, 79, 15.00, DATE '2024-01-30', 'Pendente', 'Atraso na devolução do livro.', NULL, 79),
    (29, 82, 15.00, DATE '2024-01-30', 'Pendente', 'Atraso na devolução do livro.', NULL, 82),
    (35, 85, 15.00, DATE '2024-01-30', 'Pendente', 'Atraso na devolução do livro.', NULL, 85),
    (41, 88, 15.00, DATE '2024-01-30', 'Pendente', 'Atraso na devolução do livro.', NULL, 88),
    (46, 91, 15.00, DATE '2024-01-30', 'Pendente', 'Atraso na devolução do livro.', NULL, 91),
    (54, 95, 15.00, DATE '2024-01-30', 'Pendente', 'Atraso na devolução do livro.', NULL, 95),
    (64, 98, 15.00, DATE '2024-01-30', 'Pendente', 'Atraso na devolução do livro.', NULL, 98),
    (70, 101, 15.00, DATE '2024-01-30', 'Pendente', 'Atraso na devolução do livro.', NULL, 101),
    (75, 104, 15.00, DATE '2024-01-30', 'Pendente', 'Atraso na devolução do livro.', NULL, 104),
    (1, 1, 5.00, DATE '2024-01-15', 'Pago', 'Devolução atrasada. Multa paga.', DATE '2024-01-20', 1),
    (81, 29, 5.00, DATE '2024-03-25', 'Pago', 'Devolução atrasada. Multa paga.', DATE '2024-03-28', 29),
    (41, 38, 5.00, DATE '2024-04-15', 'Pago', 'Devolução atrasada. Multa paga.', DATE '2024-04-18', 38),
    (64, 41, 5.00, DATE '2024-04-20', 'Pago', 'Devolução atrasada. Multa paga.', DATE '2024-04-23', 41),
    (90, 45, 5.00, DATE '2024-04-30', 'Pago', 'Devolução atrasada. Multa paga.', DATE '2024-05-03', 45),
    (23, 50, 5.00, DATE '2024-05-15', 'Pago', 'Devolução atrasada. Multa paga.', DATE '2024-05-18', 50),
    (35, 52, 5.00, DATE '2024-05-18', 'Pago', 'Devolução atrasada. Multa paga.', DATE '2024-05-20', 52),
    (46, 54, 5.00, DATE '2024-05-20', 'Pago', 'Devolução atrasada. Multa paga.', DATE '2024-05-22', 54),
    (70, 57, 5.00, DATE '2024-05-28', 'Pago', 'Devolução atrasada. Multa paga.', DATE '2024-05-30', 57),
    (46, 69, 5.00, DATE '2024-06-20', 'Pago', 'Devolução atrasada. Multa paga.', DATE '2024-06-23', 69),
    (90, 75, 5.00, DATE '2024-07-01', 'Pago', 'Devolução atrasada. Multa paga.', DATE '2024-07-03', 75);
